id,company_id,year,net_profit_margin_pct,operating_profit_margin_pct,return_on_equity_pct,return_on_capital_employed_pct,roce_sector_benchmark_pct,roce_vs_sector_benchmark_pct,return_on_assets_pct,debt_to_equity,high_leverage_flag,interest_coverage,icr_label,icr_warning_flag,net_debt_cr,asset_turnover,free_cash_flow_cr,capex_cr,capex_intensity_pct,capex_intensity_label,earnings_per_share,book_value_per_share,dividend_payout_ratio_pct,total_debt_cr,cash_from_operations_cr,cfo_quality_score,cfo_quality_label,fcf_conversion_rate_pct,capital_allocation_pattern,revenue_cagr_3yr,revenue_cagr_3yr_flag,revenue_cagr_5yr,revenue_cagr_5yr_flag,revenue_cagr_10yr,revenue_cagr_10yr_flag,pat_cagr_3yr,pat_cagr_3yr_flag,pat_cagr_5yr,pat_cagr_5yr_flag,pat_cagr_10yr,pat_cagr_10yr_flag,eps_cagr_3yr,eps_cagr_3yr_flag,eps_cagr_5yr,eps_cagr_5yr_flag,eps_cagr_10yr,eps_cagr_10yr_flag,composite_quality_score,id_company,company_logo,company_name,chart_link,about_company,website,nse_profile,bse_profile,face_value,book_value,roce_percentage,roe_percentage,roe,de,fcf,opm,icr,net_profit,roce,net_debt
12,ABB,2024-03,20.533424517011454,24.84185330825782,32.46823465801568,38.41882601797991,,,23.127286732139417,0.022438496891051634,0,141.75,,0,83.0,1.1263238975544,1095.0,4943.0,84.51017267909045,Capital Intensive,565.0,1761.4285714285713,73.0,83.0,6038.0,5.755974245820066,High Quality,75.36132140399174,Shareholder Returns,10.713721789385655,,9.716101277290168,,9.898290364739681,,20.232437941096727,,21.69314043381163,,19.75338045077737,,20.24167817921956,,21.65851677781967,,19.772344260550724,,100.0,ABB,https://mkt.in/static/mkt-icons/nifty100/ABB.png,Abbott India Ltd,https://in.tradingview.com/chart/?symbol=NSE%3AABBOTINDIA,Abbott India Ltd is one of the leading multinational pharmaceutical companies in India and sells its products through independent distributors primarily within India.,https://www.abbott.co.in/,https://www.nseindia.com/get-quotes/equity?symbol=ABBOTINDIA,https://www.bseindia.com/stock-share-price/abbott-india-ltd/ABBOTINDIA/500488/,10.0,1657.0,46.0,34.9,34.9,0.022438496891051634,1095.0,24.84185330825782,141.75,20.533424517011454,46.0,83.0
24,ADANIENSOL,2024-03,7.201782380923707,34.38911302462817,9.461276797721698,11.488402969161756,,,2.043117291332126,2.93252116130053,0,2.284784965666787,,0,36304.0,0.2836960606785336,1095.0,4943.0,29.764557114469802,Capital Intensive,10.0,113.37219730941705,0.0,37070.0,6038.0,4.389232826387428,High Quality,19.17352477674663,Shareholder Returns,18.715011322879892,,17.85124994851739,,,ZERO_BASE,-2.4904490462308027,,16.42972571572392,,,ZERO_BASE,-3.1270693848535758,,14.869835499703509,,,ZERO_BASE,70.95086624895036,ADANIENSOL,"https://m.economictimes.com/thumb/msid-117371599,width-1200,height-900,resizemode-4,imgsize-5642/the-growth-story-remains-intact-for-adani-energy-solutions-says-jefferies.jpg",Adani Energy Solutions Ltd,https://in.tradingview.com/chart/?symbol=NSE%3AADANIENSOL,"AESL, part of the Adani portfolio, is a multidimensional organization with presence in various facets of the energy domain, namely power transmission, distribution, smart metering, and cooling solutions. AESL is India's largest private transmission company",https://www.adanienergysolutions.com/,https://www.nseindia.com/get-quotes/equity?symbol=ADANIENSOL,https://www.bseindia.com/stock-share-price/adani-energy-solutions-ltd/ADANIENSOL/539254/,10.0,175.0,9.0,8.59,8.59,2.93252116130053,1095.0,34.38911302462817,2.284784965666787,7.201782380923707,9.0,36304.0
59,ADANIPORTS,2024-03,30.339560480700833,58.36172363445772,15.3548827162833,15.246263985603631,,,6.926554927819896,0.9373223691689719,0,5.949506037321624,,0,45181.0,0.22830109659056916,8250.0,6768.0,25.337875781513237,Capital Intensive,38.0,244.34259259259258,16.0,49470.0,15018.0,1.923293066451101,High Quality,52.92193213163128,Shareholder Returns,28.631936311849437,,19.57867595245697,,18.65179197239284,,17.084126579285687,,14.909565182041629,,16.624572854327614,,14.977941578896626,,14.869835499703509,,16.860936130231472,,94.19360339535413,ADANIPORTS,https://mkt.in/static/mkt-icons/nifty100/ADANIPORTS.png,"Adani Ports & Special Economic Zone Ltd
",https://in.tradingview.com/chart/?symbol=NSE%3AADANIPORTS,"Adani Ports & Special Economic Zone is in the business of development, operations and maintenance of port infrastructure (port services and related infrastructure development) and has linked multi product Special Economic Zone (SEZ) and related infrastructure contiguous to Port at Mundra.",http://www.adaniports.com/,https://www.nseindia.com/get-quotes/equity?symbol=ADANIPORTS,https://www.bseindia.com/stock-share-price/adani-ports-special-economic-zone-ltd/ADANIPORTS/532921/,2.0,265.0,12.9,18.1,18.1,0.9373223691689719,8250.0,58.36172363445772,5.949506037321624,30.339560480700833,12.9,45181.0
98,APOLLOHOSP,2024-03,4.905818773282963,12.56099480560365,13.480392156862745,19.51259271334257,,,5.5847568988173455,0.7688869665513264,0,5.565701559020044,,0,4347.0,1.1383944570541153,383.0,1537.0,8.064431502177449,Capital Intensive,63.0,481.66666666666663,26.0,5333.0,1920.0,3.4884621283951085,High Quality,15.998329156223893,Shareholder Returns,21.752736351876713,,14.660042602193135,,15.90208668517812,,89.6838465061924,,36.13077689773863,,11.493642912195057,,84.69147504478333,,29.95061094416296,,10.60156477390728,,84.41148500168208,APOLLOHOSP,https://mkt.in/static/mkt-icons/nifty100/APOLLOHOSP.png,"Apollo Hospitals
Chain of Indian private hospitals",https://in.tradingview.com/chart/?symbol=NSE%3AAPOLLOHOSP,"Apollo Hospitals Enterprise Limited is an Indian multinational healthcare group headquartered in Chennai. It is the largest for-profit private hospital network in India, with a network of 71 owned and managed hospitals.",https://www.apollohospitals.com/,https://www.nseindia.com/get-quotes/equity?symbol=APOLLOHOSP,https://www.bseindia.com/stock-share-price/apollo-hospitals-enterprise-ltd/apollohosp/508869/,5.0,522.0,17.2,13.81,13.81,0.7688869665513264,383.0,12.56099480560365,5.565701559020044,4.905818773282963,17.2,4347.0
111,ASIANPAINT,2024-03,15.658543456824905,21.3692069305536,29.677488252883382,35.774926893689276,,,18.588007090063876,0.1321016659547202,0,41.00487804878049,,0,-2114.0,1.187084044011906,3556.0,2548.0,7.17847584166784,Moderate,57.0,195.08333333333334,58.0,2474.0,6104.0,0.9321931577763529,Moderate,46.88200395517469,Shareholder Returns,17.801037676951047,,13.029660349453076,,11.25245350301849,,20.117567163333238,,20.277362101955056,,15.971565352132288,,19.983162620797668,,20.973552688431262,,15.929283130870008,,92.4292421036847,ASIANPAINT,https://mkt.in/static/mkt-icons/nifty100/ASIANPAINT.png,"Asian Paints
Indian Multi-National Paint and Coating Manufacturing Company",https://in.tradingview.com/chart/?symbol=NSE%3AASIANPAINT,"Asian Paints Ltd is an Indian multinational paint company, headquartered in Mumbai. The company is engaged in the business of manufacturing, selling and distribution of paints, coatings, products related to home decor, bath fittings and providing related services.",https://www.asianpaints.com/,https://www.nseindia.com/get-quotes/equity?symbol=ASIANPAINT,https://www.bseindia.com/stock-share-price/asian-paints-ltd/asianpaint/500820/,1.0,188.0,41.75,31.45,31.45,0.1321016659547202,3556.0,21.3692069305536,41.00487804878049,15.658543456824905,41.75,-2114.0
144,BAJAJ-AUTO,2024-03,17.178515712057056,19.534209939826162,26.61418410330778,28.389583468290468,,,19.59129727531517,0.06601754022512257,0,174.41666666666666,,0,-26175.0,1.1404534363562424,6486.0,72.0,0.16046356139959886,Asset Light,276.0,1038.0645161290322,29.0,1912.0,6558.0,0.7566632844852987,Moderate,73.99885909868796,Reinvestor,17.384652616671946,,8.127604751021389,,8.341820762984753,,16.642781522818396,,9.358917170384974,,8.59316738465321,,17.995813862247644,,10.177276348465591,,8.961311524418347,,89.62305373296347,BAJAJ-AUTO,https://mkt.in/static/mkt-icons/nifty100/BAJAJ-AUTO.png,Bajaj Auto Ltd,https://in.tradingview.com/chart/qGsydD2w/?symbol=NSE%3AAMBUJACEM.T0,"Bajaj Auto, the flagship company of Bajaj Group, is a two-wheeler and three-wheeler manufacturing company that exports to 79 countries across several countries in Latin America, Southeast Asia, and many more. Its headquarter is in Pune, India.
It has acquired 48% of the KTM Brand which manufactures sports and super sports two-wheelers, which was 14% in 2007 when the company first acquired KTM. [1]

",https://www.bajajauto.com/,https://www.nseindia.com/get-quotes/equity?symbol=BAJAJ-AUTO,https://www.bseindia.com/stock-share-price/bajaj-auto-ltd/BAJAJ-AUTO/532977/,10.0,1109.0,33.5,26.5,26.5,0.06601754022512257,6486.0,19.534209939826162,174.41666666666666,17.178515712057056,33.5,-26175.0
170,BAJAJHLDNG,2024-03,432.7262044653349,91.7743830787309,13.576787656460265,2.8760817529000184,4.350587230638684,-1.4745054777386657,11.302773131167417,0.0011613545449517945,0,3764.5,,0,-64652.0,0.026119918356071883,1469.0,472.0,27.73207990599295,Capital Intensive,653.0,4887.117117117117,20.0,63.0,1941.0,0.34018820955345913,Accrual Risk,94.0460947503201,Reinvestor,55.00574158769729,,31.612293448969165,,14.937545587928923,,26.318822706492305,,19.297559063731295,,13.992331678744474,,25.799750331593962,,18.96864732798973,,13.81670668377948,,76.50682736462144,BAJAJHLDNG,https://mkt.in/static/mkt-icons/nifty100/BAJAJHLDNG.png,Bajaj Holdings & Investment Ltd,https://in.tradingview.com/chart/qGsydD2w/?symbol=NSE%3AAMBUJACEM.T0,"Bajaj Holdings & Investment Ltd. operates as an Investment Company and is registered as a Non-Banking Financial Institution- Investment and Credit Company with the Reserve Bank of India. The Co. holds more than 36% stake in both Bajaj Auto Ltd. and Bajaj Finserv Ltd.

",https://www.bhil.in/,https://www.nseindia.com/get-quotes/equity?symbol=BAJAJHLDNG,https://www.bseindia.com/stock-share-price/bajaj-holdings-investment-ltd/BAJAJHLDNG/500490/,10.0,5375.0,13.1,14.8,14.8,0.0011613545449517945,1469.0,91.7743830787309,3764.5,432.7262044653349,13.1,-64652.0
219,BHARTIARTL,2024-03,5.706018055499993,52.20093077836007,10.35839213740181,26.253894054880604,,,1.9361158683224027,2.6094723973904306,0,3.3055457435535147,,0,183990.0,0.3393112060793767,27809.0,51089.0,34.063420943846594,Capital Intensive,13.0,143.58533194299616,62.0,215592.0,78898.0,3.3340669561855663,High Quality,35.51959331732489,Shareholder Returns,14.232767250604962,,13.17410230151459,,5.735981845577776,,,TURNAROUND,38.35662769365473,,10.981583453663312,,,TURNAROUND,67.02776523348103,,10.026509310601806,,76.42673781285109,BHARTIARTL,https://mkt.in/static/mkt-icons/nifty100/BHARTIARTL.png,Bharti Airtel Ltd,https://in.tradingview.com/chart/?symbol=NSE%3ABHARTIARTL,"Bharti Airtel Ltd is one of the world's leading providers of telecommunication services with presence in 18 countries representing India, Sri
Lanka, 14 countries in Africa.",http://www.airtel.in/,https://www.nseindia.com/get-quotes/equity?symbol=BHARTIARTL,https://www.bseindia.com/stock-share-price/bharti-airtel-ltd/BHARTIARTL/532454/,5.0,153.0,13.1,14.9,14.9,2.6094723973904306,27809.0,52.20093077836007,3.3055457435535147,5.706018055499993,13.1,183990.0
245,BOSCHLTD,2024-03,14.886112273569676,12.524660728164047,20.639920424403183,17.30975791126167,,,14.34745030250648,0.003232758620689655,0,71.7843137254902,,0,-5086.0,0.9638144626908672,1536.0,283.0,1.6918754110121361,Asset Light,844.0,4021.333333333333,44.0,39.0,1253.0,1.0732338840131006,High Quality,73.31742243436754,Liquidating Assets,19.843289373663996,,6.717165240230294,,6.059885810658572,,72.86912600423906,,9.275930793686072,,9.860472231834105,,72.64984767834024,,9.261870727688626,,10.479375984763962,,86.83444584833873,BOSCHLTD,https://mkt.in/static/mkt-icons/nifty100/BOSCHLTD.png,Bosch Ltd,https://in.tradingview.com/chart/qGsydD2w/?symbol=NSE%3AAMBUJACEM.T0,"Bosch Ltd has presence across automotive technology, industrial technology, consumer goods and energy and building technology. It manufactures and trades in products such as diesel and gasoline fuel injection systems, automotive aftermarket products, industrial equipment, electrical power tools, security systems",https://www.bosch.in/,https://www.nseindia.com/get-quotes/equity?symbol=BOSCHLTD,https://www.bseindia.com/stock-share-price/bosch-ltd/BOSCHLTD/500530/,10.0,4319.0,20.6,16.0,16.0,0.003232758620689655,1536.0,12.524660728164047,71.7843137254902,14.886112273569676,20.6,-5086.0
258,BPCL,2024-03,5.994201967046283,9.837909494446341,35.511337343822305,33.84830382235054,,,13.26907686075349,0.7218747934157467,0,11.355507351168956,,0,27968.0,2.213651947949293,25415.0,10521.0,2.3480024906099985,Asset Light,62.0,354.0964419475655,33.0,54599.0,35936.0,2.486510576648653,High Quality,57.65391769883399,Shareholder Returns,24.863629368132333,,8.483226324685255,,5.4159319078910695,,15.748130122124548,,25.790698729746552,,20.817911347727637,,18.776353612992548,,28.063048802615654,,21.28718543006496,,89.83790949444634,BPCL,https://mkt.in/static/mkt-icons/nifty100/BPCL.png,Bharat Petroleum Corporation Ltd,https://in.tradingview.com/chart/qGsydD2w/?symbol=NSE%3AAMBUJACEM.T0,"Bharat Petroleum Corporation is a public sector company which is engaged in the business of refining of crude oil and marketing of petroleum products.[1]

",https://www.bharatpetroleum.in/,https://www.nseindia.com/get-quotes/equity?symbol=BPCL,https://www.bseindia.com/stock-share-price/bharat-petroleum-corporation-ltd/BPCL/500547/,10.0,178.0,32.1,41.9,41.9,0.7218747934157467,25415.0,9.837909494446341,11.355507351168956,5.994201967046283,32.1,27968.0
271,BRITANNIA,2024-03,12.725863199952292,18.886039716142882,54.14869322506978,52.730602730602726,,,23.522927689594354,0.5239786856127886,0,20.597560975609756,,0,-702.0,1.8484347442680775,3050.0,477.0,2.844534557815016,Asset Light,89.0,164.20833333333334,83.0,2065.0,2573.0,1.046539262159868,High Quality,96.30565203662772,Liquidating Assets,8.479583308976203,,8.690023727476138,,9.265752439203956,,4.856654873228505,,13.063515827454196,,18.37492911445593,,4.946129761743845,,13.14353769849137,,18.720851381956226,,92.83989654494111,BRITANNIA,https://mkt.in/static/mkt-icons/nifty100/BRITANNIA.png,Britannia Industries Ltd,https://in.tradingview.com/chart/qGsydD2w/?symbol=NSE%3AAMBUJACEM.T0,"Britannia Industries is one of Indias leading food companies with a 100 year legacy and annual revenues in excess of Rs. 9000 Cr. Britannia is among the most trusted food brands, and manufactures Indias favorite brands like Good Day, Tiger, NutriChoice, Milk Bikis and Marie Gold which are household names in India. Britannias product portfolio includes Biscuits, Bread, Cakes, Rusk, and Dairy products including Cheese, Beverages, Milk and Yoghurt.

",https://www.britannia.co.in/,https://www.nseindia.com/get-quotes/equity?symbol=BRITANNIA,https://www.bseindia.com/stock-share-price/britannia-industries-ltd/BRITANNIA/500825/,1.0,133.0,48.9,57.1,57.1,0.5239786856127886,3050.0,18.886039716142882,20.597560975609756,12.725863199952292,48.9,-702.0
284,CANBK,2024-03,13.935160470145405,41.753906568101414,16.716051794688113,3.15654898752525,4.350587230638684,-1.1940382431134342,1.0033107103630055,14.867419925542423,0,1.6106611743349857,,0,970573.0,0.0719985042520674,13296.0,1750.0,1.583438141857961,Asset Light,17.0,101.57993384785006,19.0,1369780.0,15046.0,4.069631350415008,High Quality,28.81289819269276,Reinvestor,16.302939300232524,,18.17561078322378,,10.817178802179583,,73.3401622666352,,85.7752850068174,,19.14374492187123,,61.980590063874175,,53.4206382524911,,5.449589185476622,,65.7270482663651,CANBK,https://mkt.in/static/mkt-icons/nifty100/CANBK.png,Canara Bank,https://in.tradingview.com/chart/?symbol=NSE%3ACANBK,"Canara Bank was merged with erstwhile Syndicate Bank in FY21.{# Canara was incorporated in 1906 and nationalised in 1969, along with 13 other major commercial banks of India, by the GoI. The bank is headquartered in Bangalore.",http://www.canarabank.com/,https://www.nseindia.com/get-quotes/equity?symbol=CANBK,https://www.bseindia.com/stock-share-price/canara-bank/CANBK/532483/,2.0,102.0,6.63,17.9,17.9,14.867419925542423,13296.0,41.753906568101414,1.6106611743349857,13.935160470145405,6.63,970573.0
309,CIPLA,2024-03,16.11701714906495,75.59168153953597,15.554557028383135,71.45791307537137,,,12.768573448498447,0.020931625851868495,0,35.33876811594203,,0,-4890.0,0.7922417237881536,1152.0,2982.0,11.569799022270505,Capital Intensive,51.0,331.75155279503105,25.0,559.0,4134.0,1.412222814051014,High Quality,5.912847097469589,Reinvestor,10.389755935227928,,9.513860126378049,,9.74210289783317,,20.249546582874324,,22.726834848000887,,11.457664472874352,,19.348319192733697,,21.832544608565986,,11.612317403390438,,93.2728338061591,CIPLA,https://mkt.in/static/mkt-icons/nifty100/CIPLA.png,"Cipla Ltd
","https://in.tradingview.com/chart/qGsydD2w/?symbol=NSE%3AAMBUJACEM.T0
",Cipla is engaged in the Business of Pharmaceuticals.(Source : 202003 Annual Report Page No:157),https://www.cipla.com/,https://www.nseindia.com/get-quotes/equity?symbol=CIPLA,https://www.bseindia.com/stock-share-price/cipla-ltd/CIPLA/500087/,2.0,351.0,22.8,16.8,16.8,0.020931625851868495,1152.0,75.59168153953597,35.33876811594203,16.11701714906495,22.8,-4890.0
322,COALINDIA,2024-03,26.25628846856468,66.29380849329698,45.16982956605826,105.7129732333927,,,15.802850255846407,0.0788468512027076,0,11.24178180085755,,0,-587.0,0.6018691588785047,13617.0,4486.0,3.151963126387679,Moderate,61.0,134.23657309751744,42.0,6523.0,18103.0,1.0216495325304558,High Quality,14.432126505002543,Reinvestor,16.493956528516662,,7.402890725901301,,7.261143616999366,,43.28908935217686,,16.43231987118112,,9.476008121750844,,42.6823258428825,,16.851518569430034,,9.777126683205474,,93.62199376707275,COALINDIA,https://mkt.in/static/mkt-icons/nifty100/COALINDIA.png,Coal India Ltd,https://in.tradingview.com/chart/?symbol=NSE%3ACOALINDIA,"Coal India Ltd is mainly engaged in mining and production of Coal and also operates Coal washeries. The major consumers of the company are power and steel sectors. Consumers from other sectors include cement, fertilizers, brick kilns etc.",http://www.coalindia.in/,https://www.nseindia.com/get-quotes/equity?symbol=COALINDIA,https://www.bseindia.com/stock-share-price/coal-india-ltd/COALINDIA/533278/,10.0,156.0,63.6,52.0,52.0,0.0788468512027076,13617.0,66.29380849329698,11.24178180085755,26.25628846856468,63.6,-587.0
335,DABUR,2024-03,14.600128990648178,19.348597226701063,18.355969997972835,21.369423915946932,,,11.980682720296375,0.13835394283397526,0,23.241935483870968,,0,-5568.0,0.8205874569992061,1042.0,971.0,7.828119961302805,Moderate,10.0,55.740112994350284,53.0,1365.0,2013.0,1.0766383580254175,High Quality,43.416666666666664,Shareholder Returns,9.061384362071356,,7.814065037783324,,5.800570703921659,,2.231072252692079,,4.604418961155621,,7.053851757552976,,0.0,,4.563955259127317,,7.177346253629313,,91.64873783117267,DABUR,https://mkt.in/static/mkt-icons/nifty100/DABUR.png,Dabur India Ltd,https://in.tradingview.com/chart/?symbol=NSE%3ADABUR,Dabur India is one of the leading fast moving consumer goods (FMCG) players dealing in consumer care and food products.,http://www.dabur.com/,https://www.nseindia.com/get-quotes/equity?symbol=DABUR,https://www.bseindia.com/stock-share-price/dabur-india-ltd/DABUR/500096/,1.0,59.0,22.3,19.2,19.2,0.13835394283397526,1042.0,19.348597226701063,23.241935483870968,14.600128990648178,22.3,-5568.0
348,DIVISLAB,2024-03,20.395156150414277,28.170809432759718,11.78984599513669,16.281125681449833,,,10.34928848641656,0.0002210596124088129,0,636.25,,0,-79.0,0.5074385510996119,992.0,269.0,3.4289356277884,Moderate,60.0,512.1132075471698,50.0,3.0,1261.0,0.9293273749797601,Moderate,44.8868778280543,Reinvestor,4.025743333608478,,9.664930361854074,,11.972899602171317,,-6.919343378939391,,3.4104521925080844,,7.545947187802726,,-7.168223327744416,,3.303780411393231,,7.541310687238512,,82.12833916031767,DIVISLAB,https://mkt.in/static/mkt-icons/nifty100/DIVISLAB.png,Divis Laboratories Ltd,https://in.tradingview.com/chart/qGsydD2w/?symbol=NSE%3AAMBUJACEM.T0,"Incorporated in 1990, Divis Laboratories Ltd manufactures and exports API's, Intermediates and Nutraceutical ingredients",https://www.divislaboratories.com/lander,https://www.nseindia.com/get-quotes/equity?symbol=DIVISLAB,https://www.bseindia.com/stock-share-price/divis-laboratories-ltd/DIVISLAB/532488/,2.0,517.0,16.5,12.2,12.2,0.0002210596124088129,992.0,28.170809432759718,636.25,20.395156150414277,16.5,-79.0
374,DMART,2024-03,4.993207190533383,8.084427730414067,13.56294790886726,21.28564022809746,,,11.978084262233137,0.031661140228901485,0,73.29310344827586,,0,485.0,2.398875873795579,278.0,2468.0,4.8593199314812265,Moderate,39.0,287.21966205837174,0.0,592.0,2746.0,1.068669197812137,High Quality,6.770579639551875,Shareholder Returns,28.132551951927297,,20.48312440202782,,26.91026114651347,,32.144934169439935,,22.96698996520703,,31.744452601738082,,31.88798361621814,,22.740337821451305,,29.23922207808318,,74.2870352539933,DMART,https://mkt.in/static/mkt-icons/nifty100/DMART.png,Avenue Supermarts Ltd,https://in.tradingview.com/chart/?symbol=NSE%3ADMART,"Avenue Supermarts Limited (DMart) is a national supermarket chain, with a focus on value-retailing. We offer a wide range of products with a focus on the Foods, Non-Foods (FMCG) and General Merchandise
& Apparel product categories",http://www.dmartindia.com/,https://www.nseindia.com/get-quotes/equity?symbol=DMART,https://www.bseindia.com/stock-share-price/avenue-supermarts-ltd/DMART/540376/,10.0,309.0,19.4,14.5,14.5,0.031661140228901485,278.0,8.084427730414067,73.29310344827586,4.993207190533383,19.4,485.0
387,DRREDDY,2024-03,19.913605369319196,28.321016743422227,19.74233736816026,26.219592808038072,,,14.383702939659617,0.07085722375592836,0,51.707602339181285,,0,-2928.0,0.7223053120165034,509.0,4034.0,14.401485130841454,Capital Intensive,67.0,340.4096385542169,12.0,2002.0,4543.0,1.3421751740527739,High Quality,6.416235976301525,Reinvestor,13.71726615103832,,12.639644349571988,,7.640025915260695,,41.90561020689674,,23.392504645437473,,11.008394366816532,,42.81779454599071,,23.842409558387544,,11.284504563028698,,97.57359069757064,DRREDDY,https://mkt.in/static/mkt-icons/nifty100/DRREDDY.png,Dr Reddys Laboratories Ltd,https://in.tradingview.com/chart/qGsydD2w/?symbol=NSE%3AAMBUJACEM.T0,"Dr. Reddy's Laboratories Ltd is a leading India-based pharmaceutical company which offers a portfolio of products and services, including Active Pharmaceutical Ingredients (APIs), Custom Pharmaceutical services (CPS), generics, biosimilars and differentiated formulations.",https://www.drreddys.com/,https://www.nseindia.com/get-quotes/equity?symbol=DRREDDY,https://www.bseindia.com/stock-share-price/dr-reddys-laboratories-ltd/DRREDDY/500124/,1.0,369.0,26.5,21.4,21.4,0.07085722375592836,509.0,28.321016743422227,51.707602339181285,19.913605369319196,26.5,-2928.0
400,EICHERMOT,2024-03,24.195694242864054,26.179245283018872,22.172346910501524,23.445623916811094,,,17.309106640709494,0.023219728456636186,0,114.70588235294117,,0,-13108.0,0.7153796236210254,890.0,2834.0,17.138364779874212,Capital Intensive,146.0,668.3333333333334,35.0,419.0,3724.0,0.998535742862353,Moderate,20.559020559020556,Reinvestor,23.776441520116,,11.036936496739692,,6.586411864952746,,43.747506025200565,,12.675841665377696,,19.00991470281268,,43.89717190746498,,12.505451629050324,,20.299134274435904,,93.31380990483137,EICHERMOT,https://mkt.in/static/mkt-icons/nifty100/EICHERMOT.png,Eicher Motors Ltd,https://in.tradingview.com/chart/qGsydD2w/?symbol=NSE%3AAMBUJACEM.T0,"Eicher Motors Limited, incorporated in 1982, is the listed company of the Eicher Group in India and a leading player in the Indian automobile industry and the global leader in middleweight motorcycles.
Eicher has a joint venture with Sweden's AB Volvo to create Volvo Eicher Commercial Vehicles Limited (VECV). VECV is engaged in truck and bus operations, auto components business, and technical ",https://www.eicher.in/,https://www.nseindia.com/get-quotes/equity?symbol=EICHERMOT,https://www.bseindia.com/stock-share-price/eicher-motors-ltd/EICHERMOT/505200/,1.0,693.0,31.1,24.2,24.2,0.023219728456636186,890.0,26.179245283018872,114.70588235294117,24.195694242864054,31.1,-13108.0
413,GAIL,2024-03,7.433122166511544,10.743987750322754,12.861540060002339,14.489174115050965,,,7.939231170080571,0.28304998896060884,0,23.624478442280946,,0,-116.0,1.0680883472962681,4360.0,8226.0,6.174377758429158,Moderate,15.0,117.10570342205322,37.0,21794.0,12586.0,0.9900484324735057,Moderate,30.459689814167945,Shareholder Returns,32.42353373080278,,11.825154521824267,,7.990438901094743,,17.25429359158057,,8.608876760374562,,7.54232179343064,,18.56311014966876,,8.447177119769854,,7.919350247286827,,75.02155859163909,GAIL,https://mkt.in/static/mkt-icons/nifty100/GAIL.png,GAIL (India) Ltd,https://in.tradingview.com/chart/?symbol=NSE%3AGAIL,"Incorporated in 1984, GAIL, a Government of India undertaking, is an integrated natural gas company in India. It owns over 11,500 km of natural gas pipelines, over 2300 km of LPG pipelines, six LPG gas-processing units and a petrochemicals facility. It also has a joint-venture interest in Petronet LNG Ltd, Ratnagiri Gas and Power Pvt Ltd, and in the CGD business in several cities",https://gailonline.com/,https://www.nseindia.com/get-quotes/equity?symbol=GAIL,https://www.bseindia.com/stock-share-price/gail-india-ltd/GAIL/532155/,10.0,127.0,14.7,14.0,14.0,0.28304998896060884,4360.0,10.743987750322754,23.624478442280946,7.433122166511544,14.7,-116.0
452,HAL,2024-03,24.999177117277245,32.08913465652875,3816.5829145728644,3027.639751552795,,,1687.7777777777776,0.6180904522613065,0,270.8837209302326,,0,80.0,67.51333333333334,1814.0,6412.0,21.105296073203647,Capital Intensive,114.0,199.0,31.0,123.0,8226.0,1.9630754165122695,High Quality,18.607036619140423,Shareholder Returns,9.909701355201484,,8.712548590236358,,7.216583450874392,,32.85327865470051,,26.485270563052985,,10.924924675843673,,33.420082436097246,,26.63896760913802,,15.073330286143992,,100.0,HAL,https://mkt.in/static/mkt-icons/nifty100/HAL.png,Hindustan Aeronautics Ltd,https://in.tradingview.com/chart/qGsydD2w/?symbol=NSE%3AAMBUJACEM.T0,"Hindustan Aeronautics is engaged in the business of Manufacture of Aircraft and Helicopters and Repair, Maintenance of Aircraft and Helicopters",https://hal-india.co.in/,https://www.nseindia.com/get-quotes/equity?symbol=HAL,https://www.bseindia.com/stock-share-price/hindustan-aeronautics-ltd/HAL/541154/,5.0,465.0,38.9,28.9,28.9,0.6180904522613065,1814.0,32.08913465652875,270.8837209302326,24.999177117277245,38.9,80.0
465,HAVELLS,2024-03,6.837009144701453,10.118343195266272,17.067275412917954,24.270967741935483,,,10.222794176787582,0.040687525177924,0,25.357142857142858,,0,283.0,1.4952143489101584,335.0,1618.0,8.703604088219473,Capital Intensive,20.0,118.2063492063492,44.0,303.0,1953.0,1.0531615268489045,High Quality,17.809675704412548,Shareholder Returns,21.14089015706202,,13.037907939063121,,8.728389766288359,,6.77797587953104,,10.033231229420036,,11.040413196880138,,5.566719197800074,,8.997698704834534,,11.069085371075271,,80.49459115273245,HAVELLS,https://mkt.in/static/mkt-icons/nifty100/HAVELLS.png,Havells India Ltd,https://in.tradingview.com/chart/qGsydD2w/?symbol=NSE%3AAMBUJACEM.T0,"Havells India Limited is a leading Fast Moving Electrical Goods (FMEG) Company and a major power distribution equipment manufacturer with a strong global presence.
It enjoys enviable market dominance across a wide spectrum of products, including Industrial & Domestic Circuit Protection Devices, Cables & Wires, Motors, Fans, Modular Switches, Home Appliances, Air Conditioners, Electric Water Heaters, Power Capacitors, Luminaires for Domestic, Commercial and Industrial",https://havells.com/,https://www.nseindia.com/get-quotes/equity?symbol=HAVELLS,https://www.bseindia.com/stock-share-price/havells-india-ltd/HAVELLS/517354/,1.0,124.0,24.4,18.0,18.0,0.040687525177924,335.0,10.118343195266272,25.357142857142858,6.837009144701453,24.4,283.0
478,HCLTECH,2024-03,14.293122742532729,22.015594151738192,23.01393141233172,32.690722902959976,,,15.867725188372422,0.08435023365512796,0,46.46112115732369,,0,-1379.0,1.1101650405025958,15840.0,6608.0,6.012027694631208,Moderate,58.0,251.4290976058932,90.0,5758.0,22448.0,1.371283984612863,High Quality,65.45995536821225,Shareholder Returns,13.396477329776978,,12.710299978373406,,13.082373204583831,,12.043662852781601,,9.194090295112023,,9.179123626035102,,12.257330985276148,,9.407036350794119,,9.69075247889608,,98.28378646150483,HCLTECH,https://mkt.in/static/mkt-icons/nifty100/HCLTECH.png,HCL Technologies Ltd,https://in.tradingview.com/chart/qGsydD2w/?symbol=NSE%3AAMBUJACEM.T0,"HCL Tech is a leading global IT services company, which is ranked amongst the top five Indian IT services companies in terms of revenues. Since its inception into the global landscape after its IPO in 1999, HCL Tech has focused on transformational outsourcing, and offers an integrated portfolio of services including software-led IT solutions, remote infrastructure management, engineering and R&D services and BPO. The company leverages its extensive global offshore infrastructure and network of offices in 46 ",https://www.hcltech.com/,https://www.nseindia.com/get-quotes/equity?symbol=HCLTECH,https://www.bseindia.com/stock-share-price/hcl-technologies-ltd/HCLTECH/532281/,2.0,254.0,29.6,23.3,23.3,0.08435023365512796,15840.0,22.015594151738192,46.46112115732369,14.293122742532729,29.6,-1379.0
491,HDFCBANK,2024-03,23.07288232992184,61.41252040373843,14.33974005030719,4.887792835880029,4.350587230638684,0.5372056052413452,1.6238920508541275,6.808786667718385,0,1.4007688224792112,,1,2101821.0,0.07038097917866981,35669.0,16600.0,5.852303374945795,Moderate,84.0,600.521052631579,23.0,3107503.0,19069.0,0.22884538189179748,Accrual Risk,20.47635996234127,Liquidating Assets,30.186956140948773,,21.95098428169122,,20.887964823195592,,27.12356908487252,,23.865063572879073,,22.263903320427715,,13.140240479934251,,15.424788082530828,,16.654280155455027,,45.17825328887893,HDFCBANK,"https://mkt.in/static/mkt-icons/nifty100/HDFCBANK.png
",HDFC Bank Ltd,https://in.tradingview.com/chart/?symbol=NSE%3AHDFCBANK,"HDFC Bank Limited (also known as HDFC) is an Indian banking and financial services company headquartered in Mumbai. It is India's largest private sector bank by assets and the world's tenth-largest bank by market capitalization as of May 2024.
As of April 2024, HDFC Bank has a market capitalization of $145 billion, making it the third-largest company on the Indian stock exchanges",http://www.hdfcbank.com/,https://www.nseindia.com/get-quotes/equity?symbol=HDFCBANK,https://www.bseindia.com/stock-share-price/hdfc-bank-ltd/HDFCBANK/500180/,1.0,601.0,7.67,17.1,17.1,6.808786667718385,35669.0,61.41252040373843,1.4007688224792112,23.07288232992184,7.67,2101821.0
515,HEROMOTOCO,2024-03,9.902352536452407,86.14676228532112,21.14243742584327,177.84211963944279,,,14.308109968263679,0.03423922255494661,0,47.268505079825836,,0,-12145.0,1.4449202768324858,3095.0,1828.0,4.8373865410569215,Moderate,187.0,884.95,75.0,606.0,4923.0,1.2120992284216576,High Quality,9.507280211341156,Shareholder Returns,6.870906150291889,,2.1530677970544643,,4.104001615840858,,8.421624634095327,,1.5441818871883894,,5.936862676941823,,8.599939568135696,,1.6863437197464748,,5.941283634174321,,96.1613230456221,HEROMOTOCO,https://mkt.in/static/mkt-icons/nifty100/HEROMOTOCO.png,"Hero MotoCorp Ltd
",https://in.tradingview.com/chart/?symbol=NSE%3AHEROMOTOCO,"Hero Moto Corp earlier also known as \""Hero Honda\"" is one of India's first motorcycle manufacturers.
The company started in 1984 as a Technological collaboration with Honda, Japan. Before this collaboration, Hero was selling Cycles under the brand name, Hero Cycles.",http://www.heromotocorp.com/,https://www.nseindia.com/get-quotes/equity?symbol=HEROMOTOCO,https://www.bseindia.com/stock-share-price/hero-motocorp-ltd/HEROMOTOCO/500182/,2.0,951.0,29.1,22.0,22.0,0.03423922255494661,3095.0,86.14676228532112,47.268505079825836,9.902352536452407,29.1,-12145.0
528,HINDALCO,2024-03,4.702216130615571,88.94620349876368,9.567011474761177,118.20777590429657,,,4.401381743475944,0.5309290976579428,0,126.46543778801843,,0,40912.0,0.9360228499109322,9789.0,14267.0,6.6062548040859035,Moderate,45.0,478.13513513513516,8.0,56356.0,24056.0,2.7656766348986848,High Quality,5.096048727159144,Shareholder Returns,17.830855223435172,,10.592433818985914,,9.43097050230084,,42.85939867649064,,13.06871230695661,,16.553290877299798,,41.155404332154276,,13.396657763302722,,15.128271105738422,,86.95876434345146,HINDALCO,https://mkt.in/static/mkt-icons/nifty100/HINDALCO.png,Hindalco Industries Ltd,https://in.tradingview.com/chart/?symbol=NSE%3AHINDALCO,"Incorporated in 1958, Hindalco Industries Ltd. is a flagship company of the Aditya Birla Group. The Co and its subsidiaries are primarily engaged in the production of Aluminium and Copper. It is also
engaged in the manufacturing of aluminium sheet, extrusion and light gauge products for use in packaging markets like beverage and food, can and foil products, etc.",http://www.hindalco.com/,https://www.nseindia.com/get-quotes/equity?symbol=HINDALCO,https://www.bseindia.com/stock-share-price/hindalco-industries-ltd/HINDALCO/500440/,1.0,153.0,11.3,10.2,10.2,0.5309290976579428,9789.0,88.94620349876368,126.46543778801843,4.702216130615571,11.3,40912.0
541,HINDUNILVR,2024-03,16.611735814915342,76.31672482874498,20.074973642078955,89.63037455884027,,,13.099924830230988,0.028974188761763442,0,57.847001223990205,,0,-3141.0,0.7885945801322478,10145.0,5324.0,8.601525138942742,Capital Intensive,44.0,217.94893617021276,96.0,1484.0,15469.0,1.156176111154535,High Quality,21.476808434066516,Shareholder Returns,9.589435897156351,,9.504485244074123,,7.789742422365942,,8.729477470315782,,11.152950436803422,,10.022657733318274,,8.974425081854953,,9.460878422315755,,9.34980606439575,,95.41568148206046,HINDUNILVR,https://mkt.in/static/mkt-icons/nifty100/HINDUNILVR.png,"Hindustan Unilever Ltd
",https://in.tradingview.com/chart/?symbol=NSE%3AHINDUNILVR,"Hindustan Unilever is in the FMCG business comprising primarily of Home Care, Beauty & Personal Care and Foods & Refreshment segments. The Company has manufacturing facilities across the country and sells primarily in India.",http://www.hul.co.in/,https://www.nseindia.com/get-quotes/equity?symbol=HINDUNILVR,https://www.bseindia.com/stock-share-price/hindustan-unilever-ltd/HINDUNILVR/500696/,1.0,216.0,27.2,20.2,20.2,0.028974188761763442,10145.0,76.31672482874498,57.847001223990205,16.611735814915342,27.2,-3141.0
554,ICICIBANK,2024-03,28.888011233982798,62.41380175029464,17.99027109750765,5.2203495054405735,4.350587230638684,0.8697622748018894,1.9492289334082888,6.445624336310825,0,1.3009461331381824,,1,823845.0,0.06747535915921023,12547.0,144737.0,90.7350986734873,Capital Intensive,63.0,364.617793594306,16.0,1651008.0,157284.0,3.8724380449452576,High Quality,12.602450783447166,Mixed,21.39660074377121,,17.25086850260209,,12.41864172369489,,31.28635844345755,,51.94877118224903,,14.714696775470282,,32.63524026321307,,55.18455739153598,,13.995881918674137,,66.39067727129911,ICICIBANK,https://mkt.in/static/mkt-icons/nifty100/ICICIBANK.png,ICICI Bank Ltd,https://in.tradingview.com/chart/?symbol=NSE%3AICICIBANK,"ICICI Bank is the second-largest private sector bank in India offering a diversified portfolio of financial products and services to retail, SME and corporate customers. The Bank has an extensive network of branches, ATMs and other touch-points",http://www.icicibank.com/,https://www.nseindia.com/get-quotes/equity?symbol=ICICIBANK,https://www.bseindia.com/stock-share-price/icici-bank-ltd/ICICIBANK/532174/,2.0,365.0,7.6,18.8,18.8,6.445624336310825,12547.0,62.41380175029464,1.3009461331381824,28.888011233982798,7.6,823845.0
566,ICICIGI,2024-03,9.366915605017816,87.42129155073948,15.7230643179025,146.3235294117647,4.350587230638684,141.972942181126,3.0312124849939974,0.0028676771814829987,0,160.02678571428572,,0,-48549.0,0.3236083907247109,486.0,1921.0,9.37667789329819,Capital Intensive,39.0,247.5659229208925,28.0,35.0,2407.0,1.458965013017095,High Quality,2.7135678391959797,Shareholder Returns,18.98796206427069,,12.911841003362579,,16.75593015728085,,9.217125634550683,,12.839173718198161,,13.948119696893514,,6.816467042447916,,11.139222486886503,,12.5092775800282,,94.10669723760606,ICICIGI,https://mkt.in/static/mkt-icons/nifty100/ICICIGI.png,ICICI Lombard General Insurance Company Ltd,https://in.tradingview.com/chart/?symbol=NSE%3AICICIGI,ICICI Lombard General Insurance Co. Ltd is one of the leading and established private sector general insurance companies in India. It offers a well-diversified range of products and risk management solutions through multiple distribution channels,http://www.icicilombard.com/,https://www.nseindia.com/get-quotes/equity?symbol=ICICIGI,https://www.bseindia.com/stock-share-price/icici-lombard-general-insurance-company-ltd/ICICIGI/540716/,10.0,275.0,22.5,17.0,17.0,0.0028676771814829987,486.0,87.42129155073948,160.02678571428572,9.366915605017816,22.5,-48549.0
617,INFY,2024-03,17.08075746730006,23.703390381987376,29.788006718416632,37.75589530966572,,,19.297162182032054,0.09486358890553362,0,87.52340425531915,,0,-16264.0,1.129760329363329,20117.0,5093.0,3.314244810307802,Moderate,63.0,212.73780782230804,,8359.0,25210.0,1.037696383329751,High Quality,55.22855181880576,Reinvestor,15.216500798806365,,13.199100930556229,,11.852717458931128,,10.558796476740762,,11.239419983657939,,9.433477603192465,,11.868894208139679,,12.474611314209483,,10.60156477390728,,93.83595177773002,INFY,https://images.5paisa.com/MarketIcons/INFY.png,Infosys Ltd,https://in.tradingview.com/chart/?symbol=NSE%3AINFY,"Infosys Ltd provides consulting, technology, outsourcing and next-generation digital services to enable clients to execute strategies for their digital transformation",http://www.infosys.com/,https://www.nseindia.com/get-quotes/equity?symbol=INFY,https://www.bseindia.com/stock-share-price/infosys-ltd/INFY/500209/,5.0,218.0,40.0,31.8,31.8,0.09486358890553362,20117.0,23.703390381987376,87.52340425531915,17.08075746730006,40.0,-16264.0
630,IOC,2024-03,5.559462717942377,9.743776019125345,23.53162465856491,23.93519910139379,,,8.941893540895371,0.7230954600718581,0,10.282324578099226,,0,67086.0,1.6084096601703395,39635.0,31464.0,4.052800791393595,Moderate,30.0,133.18109207086843,40.0,132628.0,71099.0,0.7306430873244374,Moderate,52.39536789783994,Shareholder Returns,28.727791225279177,,8.008755667240486,,4.744973944880271,,25.64085913541887,,20.099089966731643,,20.006444481866815,,25.99210498948732,,20.11244339814313,,19.623119885131544,,79.48568385011785,IOC,https://mkt.in/static/mkt-icons/nifty100/IOC.png,"Indian Oil Corporation
",https://in.tradingview.com/chart/?symbol=NSE%3AIOC,"Indian Oil Corporation Limited, trading as IndianOil, is an Indian multinational oil and gas company under the ownership of Government of India and administrative control of the Ministry of Petroleum and Natural Gas.",https://www.iocl.com/,https://www.nseindia.com/get-quotes/equity?symbol=IOC,https://www.bseindia.com/stock-share-price/indian-oil-corporation-ltd/ioc/530965/,10.0,129.0,21.31,25.44,25.44,0.7230954600718581,39635.0,9.743776019125345,10.282324578099226,5.559462717942377,21.31,67086.0
641,IRCTC,2024-03,26.01873536299766,34.33255269320843,34.39628482972136,44.559270516717326,,,18.240026268264653,0.018575851393188854,0,82.73684210526316,,0,60.0,0.7010343129207027,667.0,215.0,5.035128805620609,Moderate,14.0,40.375,47.0,60.0,882.0,0.9036900006508211,Moderate,45.49795361527968,Reinvestor,76.46921430165466,,17.955244103890912,,,INSUFFICIENT,81.11627776293705,,29.16686408659448,,,INSUFFICIENT,91.29311827723889,,28.473515712343932,,,INSUFFICIENT,92.04920000867762,IRCTC,https://mkt.in/static/mkt-icons/nifty100/IRCTC.png,Indian Railway Catering & Tourism Corporation Ltd,https://in.tradingview.com/chart/?symbol=NSE%3AIRCTC,"Incorporated in 1999, IRCTC is a Mini Ratna (Category 1, Central Public Sector Enterprises ) and the only company authorized by the Indian government to provide online railway tickets, catering services, and packaged drinking water
at railway stations and trains in India",http://www.irctc.com/,https://www.nseindia.com/get-quotes/equity?symbol=IRCTC,https://www.bseindia.com/stock-share-price/indian-railway-catering-tourism-corporation-ltd/IRCTC/542830/,2.0,44.0,53.8,40.4,40.4,0.018575851393188854,667.0,34.33255269320843,82.73684210526316,26.01873536299766,53.8,60.0
654,IRFC,2024-03,24.064552448864703,99.50459748545694,13.038085361638096,5.7484746909270665,4.350587230638684,1.3978874602883824,1.3218383695952436,8.378352548852153,0,1.3194865927068304,,1,411985.0,0.05492885738906,7906.0,8.0,0.030024394820791892,Asset Light,5.0,37.63027010482822,31.0,412039.0,7914.0,-10.796124309062407,Accrual Risk,29.819333911665975,Shareholder Returns,19.101938730495593,,19.06740855567788,,15.702681143154496,,13.236946449292141,,23.245023933940367,,24.774991677745327,,18.56311014966876,,20.11244339814313,,-31.1534199107249,,40.25606648016811,IRFC,https://mkt.in/static/mkt-icons/nifty100/IRFC.png,Indian Railway Finance Corporation Ltd,https://in.tradingview.com/chart/?symbol=NSE%3AIRFC,"Incorporated in 1986, Indian Railway Finance Corporation borrows funds from the financial markets to finance the acquisition / creation of assets which are then leased out to the Indian Railways as finance lease",https://irfc.co.in/,https://www.nseindia.com/get-quotes/equity?symbol=IRFC,https://www.bseindia.com/stock-share-price/indian-railway-finance-corporation-ltd/IRFC/543257/,10.0,39.0,5.73,13.7,13.7,8.378352548852153,7906.0,99.50459748545694,1.3194865927068304,24.064552448864703,5.73,411985.0
667,ITC,2024-03,29.282025230717128,37.0177518132814,27.851074395694365,35.06616762464911,,,22.61590775334045,0.004066731984914169,0,362.9625,,0,-30811.0,0.7723477995509732,18742.0,1563.0,2.205571077808822,Asset Light,16.0,59.701121794871796,84.0,303.0,17179.0,0.9385693291996491,Moderate,71.44436396904662,Liquidating Assets,12.890307004910628,,7.950896846254429,,7.215836991741997,,15.743119736566346,,10.083407558317958,,8.711334464026654,,13.30326698854094,,9.856054330611785,,8.618098156466525,,92.514257722662,ITC,https://mkt.in/static/mkt-icons/nifty100/ITC.png,"ITC Ltd
",https://in.tradingview.com/chart/?symbol=ITC,"ITC Limited is an Indian conglomerate, headquartered in Kolkata. It has a presence across six business segments, namely FMCG, hotels, agribusiness, information technology, paper products, and packaging.",https://www.itcportal.com/,https://www.nseindia.com/get-quotes/equity?symbol=ITC,https://www.bseindia.com/stock-share-price/itc-ltd/itc/500875/,1.0,60.0,34.76,29.47,29.47,0.004066731984914169,18742.0,37.0177518132814,362.9625,29.282025230717128,34.76,-30811.0
722,KOTAKBANK,2024-03,32.386151466116615,83.66733645109092,14.013018188532914,7.234918028249577,4.350587230638684,2.884330797610893,2.372513081844081,4.003739266919029,0,1.2363751084470385,,1,273928.0,0.07325702420450533,6766.0,8919.0,15.859665344879707,Capital Intensive,92.0,653.7826961770623,2.0,520374.0,15685.0,1.475807344465532,High Quality,14.379835076086033,Mixed,19.66335897034557,,13.51960376324537,,16.717180300192645,,22.162712282993226,,20.38200065626572,,21.836558926617357,,22.538513504568325,,19.344070441601247,,19.115090343250696,,68.88787225287157,KOTAKBANK,https://mkt.in/static/mkt-icons/nifty100/KOTAKBANK.png,"Kotak Mahindra Bank Ltd
",https://in.tradingview.com/chart/qGsydD2w/?symbol=NSE%3AAMBUJACEM.T0,"Kotak Mahindra Bank is a diversified financial services group providing a wide range of banking and financial services including Retail Banking, Treasury and Corporate Banking, Investment Banking, Stock Broking, Vehicle Finance, Advisory services, Asset Management, Life Insurance and General Insurance.[1]

",https://www.kotak.com/en/home.html,https://www.nseindia.com/get-quotes/equity?symbol=KOTAKBANK,https://www.bseindia.com/stock-share-price/kotak-mahindra-bank-ltd/KOTAKBANK/500247/,5.0,654.0,7.86,15.1,15.1,4.003739266919029,6766.0,83.66733645109092,1.2363751084470385,32.386151466116615,7.86,273928.0
754,LT,2024-03,7.031246466738726,13.506668535997433,77.66510140873214,135.2030422382181,,,56.44423467905896,0.10345688880007993,0,3.5441547518923464,,0,-6673.0,8.027628521638107,20445.0,2179.0,0.9854689683555468,Asset Light,95.0,1334.5333333333333,36.0,2071.0,18266.0,1.4464230063906993,High Quality,68.45806127574083,Liquidating Assets,17.592821624288746,,10.335347989682408,,10.02514597108597,,6.361264204860495,,8.75885858017449,,12.273743409690363,,5.027553928675843,,8.56169392953159,,10.500834061722086,,88.4247728768838,LT,https://mkt.in/static/mkt-icons/nifty100/LT.png,Larsen & Toubro Ltd,https://in.tradingview.com/chart/?symbol=NSE%3ALT,"Lithuania, officially the Republic of Lithuania, is a country in the Baltic region of Europe. It is one of three Baltic states and lies on the eastern shore of the Baltic Sea, bordered by Latvia to the north, Belarus to the east and south, Poland to the south, and the Russian semi-exclave of Kaliningrad Oblast to the southwest, with a maritime border with Sweden to the west. ",https://www.larsentoubro.com/,https://www.nseindia.com/get-quotes/equity?symbol=LT,https://www.bseindia.com/stock-share-price/larsen--toubro-ltd/lt/500510/,2.0,635.0,17.18,10.49,10.49,0.10345688880007993,20445.0,13.506668535997433,3.5441547518923464,7.031246466738726,17.18,-6673.0
767,LTIM,2024-03,12.90931103415266,17.982937748120616,22.904386052552702,28.914844492733938,,,16.64609352309033,0.10345688880007993,0,31.93243243243243,,0,-6673.0,1.2894641301190821,1752.0,3918.0,11.031337106174508,Capital Intensive,155.0,667.2666666666667,42.0,2071.0,5670.0,1.016292459052437,High Quality,27.430718647252235,Shareholder Returns,42.13101535214459,,30.32798083513346,,21.85605589762474,,33.24835486418234,,24.775129058600996,,16.495191642458163,,11.772828128939317,,12.24383304425547,,-6.666549487610296,,91.53350386881978,LTIM,,LTIMindtree Ltd,https://mkt.in/static/mkt-icons/nifty100/ABB.png,"LTIMindtree Limited is an Indian multinational information technology services and consulting company based in Mumbai. A subsidiary of Larsen & Toubro, the company was incorporated in 1996 and employs more than 81,000 people",https://www.ltimindtree.com/,https://www.nseindia.com/get-quotes/equity?symbol=LTIM,https://www.bseindia.com/stock-share-price/ltimindtree-ltd/ltim/540005/,1.0,711.0,34.1,26.04,26.04,0.10345688880007993,1752.0,17.982937748120616,31.93243243243243,12.90931103415266,34.1,-6673.0
793,MARUTI,2024-03,9.50809964894472,13.130031439890594,15.750385351954785,21.720016325578683,,,11.697772843960314,0.001389602503619973,0,117.90721649484536,,0,-57177.0,1.230295566502463,4936.0,11865.0,8.363997800617518,Capital Intensive,429.0,2727.261146496815,29.0,119.0,16801.0,1.1324044582012847,High Quality,26.500590572318266,Shareholder Returns,26.323644326166008,,10.510215112642584,,12.2815532690568,,45.387585949345265,,12.007182039300378,,16.801752458674525,,43.55878145035321,,11.139222486886503,,16.394629934979687,,82.91673923918454,MARUTI,https://mkt.in/static/mkt-icons/nifty100/MARUTI.png,Maruti Suzuki India Ltd,https://in.tradingview.com/chart/?symbol=NSE%3AMARUTI,"Maruti Suzuki India Limited is a publicly listed Indian subsidiary of Japanese automaker Suzuki Motor Corporation. It is the largest automobile manufacturer in India, specialising in small cars.",https://www.marutisuzuki.com/,https://www.nseindia.com/get-quotes/equity?symbol=MARUTI,https://www.bseindia.com/stock-share-price/maruti-suzuki-india-ltd/maruti/532500/,5.0,2835.0,23.67,15.75,15.75,0.001389602503619973,4936.0,13.130031439890594,117.90721649484536,9.50809964894472,23.67,-57177.0
806,MOTHERSON,2024-03,3.0600251286831757,9.445547764763102,11.546549416937488,20.231351867526097,,,3.58763572429851,0.7616899254444657,0,5.224737713970182,,0,13401.0,1.1724203473591674,925.0,6644.0,6.732055283102987,Moderate,4.0,38.57669616519174,20.0,19922.0,7569.0,3.0996690154579047,High Quality,9.922763355503111,Mixed,19.82084189180693,,9.21195713294276,,12.491793471295164,,24.392634688314452,,7.557399109099472,,10.657290360127636,,25.99210498948732,,5.922384104881218,,7.177346253629313,,78.87873453593497,MOTHERSON,https://mkt.in/static/mkt-icons/nifty100/MOTHERSON.png,Samvardhana Motherson International Ltd,https://in.tradingview.com/chart/?symbol=BSE%3AMOTHERSON,Motherson Sumi Systems is engaged primarily in the manufacturer and sale of components to automotive original equipment manufacturers,http://www.motherson.com/,https://www.nseindia.com/get-quotes/equity?symbol=MOTHERSON,https://www.bseindia.com/stock-share-price/samvardhana-motherson-international-ltd/MOTHERSON/517334/,1.0,46.0,13.7,11.8,11.8,0.7616899254444657,925.0,9.445547764763102,5.224737713970182,3.0600251286831757,13.7,13401.0
832,NESTLEIND,2024-03,16.12281708616873,23.829630236943512,117.75449101796407,157.74762550881954,,,37.37527321106148,0.10329341317365269,0,41.186206896551724,,0,-119.0,2.318160220469448,2938.0,1237.0,5.070919078461917,Moderate,41.0,34.791666666666664,79.0,345.0,4175.0,1.1143341868752212,High Quality,50.541888869774645,Shareholder Returns,18.282008662499027,,14.548573711802671,,9.487020936359048,,22.913427743605965,,14.852319512993839,,12.745848564103014,,23.06098642720351,,15.43852585822143,,13.073350509641957,,94.85778915833629,NESTLEIND,https://mkt.in/static/mkt-icons/nifty100/NESTLEIND.png,Nestle India Ltd,https://in.tradingview.com/chart/?symbol=NSE%3ANESTLEIND,"Nestle India Limited is the Indian subsidiary of Nestle which is a Swiss multinational company. The company is headquartered in Gurgaon, Haryana. The company's products include food, beverages, chocolate, and confectioneries.",https://www.nestle.in/,https://www.nseindia.com/get-quotes/equity?symbol=NESTLEIND,https://www.bseindia.com/stock-share-price/nestle-india-ltd/nestleind/500790/,1.0,41.0,185.43,135.61,135.61,0.10329341317365269,2938.0,23.829630236943512,41.186206896551724,16.12281708616873,185.43,-119.0
845,NHPC,2024-03,41.81893687707641,49.90656146179402,10.407730866621879,6.745435920463634,,,4.317394985905228,0.8413260296625498,0,11.243421052631579,,0,32082.0,0.10324018993108032,970.0,5968.0,61.96013289036545,Capital Intensive,4.0,38.528621204579395,53.0,32561.0,6938.0,1.2691923303945756,High Quality,20.17890576242979,Shareholder Returns,-0.05530974579651682,,1.404917217643753,,2.686435985014013,,3.8155287821050266,,7.269596517101484,,9.448629487284421,,10.064241629820891,,5.922384104881218,,14.869835499703509,,84.93222798853836,NHPC,https://mkt.in/static/mkt-icons/nifty100/HEROMOTOCO.png,"NHPC Ltd
",https://in.tradingview.com/chart/?symbol=NSE%3ANHPC,"NHPC, a Mini Ratna category I public sector utility, is Government of India's flagship hydroelectric generation company. The company is primarily involved in the generation and sale of bulk power to various Power Utilities. Its other business includes providing project management / construction contracts/ consultancy assignment services and trading of power.",http://www.nhpcindia.com/,https://www.nseindia.com/get-quotes/equity?symbol=NHPC,https://www.bseindia.com/stock-share-price/nhpc-ltd/NHPC/533098/,10.0,40.0,7.67,9.61,9.61,0.8413260296625498,970.0,49.90656146179402,11.243421052631579,41.81893687707641,7.67,32082.0
858,NTPC,2024-03,11.950633329785267,28.82672926202094,13.273598407068633,12.933810240774582,,,4.450861504179203,1.475521125007778,0,4.604991464108609,,0,221246.0,0.37243729109201756,8644.0,32141.0,18.00606159069137,Capital Intensive,21.0,165.73166958853253,36.0,237131.0,40785.0,2.2609029067325563,High Quality,16.798818407960198,Shareholder Returns,16.971938102031615,,12.222309654337993,,8.585354289701952,,12.532921935042452,,8.735165684951163,,6.463623922795203,,11.868894208139679,,8.447177119769854,,5.755705033825231,,88.5048879011305,NTPC,https://mkt.in/static/mkt-icons/nifty100/NTPC.png,NTPC Ltd,https://in.tradingview.com/chart/?symbol=NSE%3ANTPC,"NTPC Limited, formerly known as National Thermal Power Corporation, is an Indian central Public Sector Undertaking under the ownership of the Ministry of Power and the Government of India, who is engaged in the generation of electricity and other activities.",https://ntpc.co.in/,https://www.nseindia.com/get-quotes/equity?symbol=NTPC,https://www.bseindia.com/stock-share-price/ntpc-ltd/ntpc/532555/,10.0,174.0,10.58,12.52,12.52,1.475521125007778,8644.0,28.82672926202094,4.604991464108609,11.950633329785267,10.58,221246.0
871,ONGC,2024-03,9.655290194725701,17.388518015001793,16.940398136885513,20.975989850097196,,,8.044955154739396,0.45444863084819176,0,11.361290955463998,,0,50974.0,0.8332173339682772,42060.0,57203.0,9.672537521390066,Capital Intensive,39.0,267.94117647058823,31.0,153181.0,99263.0,2.864497231939887,High Quality,40.90047162930909,Shareholder Returns,24.855263957274687,,7.001683761214439,,13.006317517391341,,38.78658467052287,,10.96639922553624,,7.9121170176566835,,44.22495703074083,,10.197228772148016,,6.386012503101268,,93.56401568610869,ONGC,https://mkt.in/static/mkt-icons/nifty100/ONGC.png,Oil & Natural Gas Corpn Ltd,https://in.tradingview.com/chart/?symbol=NSE%3AONGC,"The Oil and Natural Gas Corporation is an Indian government-owned-oil and gas explorer and producer. It is under the ownership of Ministry of Petroleum and Natural Gas, Government of India. Its registered office is in New Delhi. ",https://www.ongcindia.com/,https://www.nseindia.com/get-quotes/equity?symbol=ONGC,https://www.bseindia.com/stock-share-price/oil-and-natural-gas-corporation-ltd/ongc/500312/,5.0,275.0,19.71,14.32,14.32,0.45444863084819176,42060.0,17.388518015001793,11.361290955463998,9.655290194725701,19.71,50974.0
897,PIDILITIND,2024-03,14.108051360736493,21.868690947266415,20.780302129178065,30.81124132438275,,,14.466710831401125,0.045438325205186154,0,54.333333333333336,,0,-1853.0,1.0254223252732693,955.0,1769.0,14.285714285714285,Capital Intensive,34.0,164.84313725490196,47.0,382.0,2724.0,1.1872411286700877,High Quality,35.2658788774003,Shareholder Returns,19.2998469335665,,11.836370175898114,,11.200766251991956,,15.76701574818362,,13.48774998597666,,14.527040733688779,,15.616214441920405,,13.564157249607756,,14.215130617291273,,95.82988171560118,PIDILITIND,https://mkt.in/static/mkt-icons/nifty100/PIDILITIND.png,Pidilite Industries Ltd,https://in.tradingview.com/chart/?symbol=NSE%3APIDILITIND,"Pidilite Industries Limited is a leading manufacturer of adhesives and sealants, construction chemicals, craftsmen products, DIY products and polymer emulsions in India. Most of the products have been developed through strong in-house R&D. Our brand name Fevicol has become synonymous with adhesives to millions in India and is ranked amongst the most trusted brands in the country",http://www.pidilite.com/,https://www.nseindia.com/get-quotes/equity?symbol=PIDILITIND,https://www.bseindia.com/stock-share-price/pidilite-industries-ltd/PIDILITIND/500331/,1.0,171.0,29.7,22.8,22.8,0.045438325205186154,955.0,21.868690947266415,54.333333333333336,14.108051360736493,29.7,-1853.0
922,POWERGRID,2024-03,33.97028990249329,86.87476823070044,17.870011245496066,18.905165620757423,,,6.208612241806171,1.4173456039290386,0,4.60298643565485,,0,119353.0,0.18276594811604718,24176.0,13114.0,28.606330301245553,Capital Intensive,17.0,93.69530158047522,67.0,123516.0,37290.0,2.355395296760425,High Quality,60.70406267262592,Shareholder Returns,4.965471644662767,,5.510261937513361,,11.414137221548938,,8.967428329021487,,9.189188268434778,,13.098067118120916,,9.354129979287684,,9.096607850144967,,13.018071324347936,,94.47709094811849,POWERGRID,https://mkt.in/static/mkt-icons/nifty100/POWERGRID.png,Power Grid Corporation of India Ltd,https://in.tradingview.com/chart/qGsydD2w/?symbol=NSE%3AAMBUJACEM.T0,"Power Grid Corporation of India Limited is a Maharatna CPSU and India's largest electric power transmission company. GoI holds a 51.34% stake in the company as on March 31, 2021. PGCIL was incorporated in 1989 to set up extra-high voltage alternating current and high-voltage direct current (HVDC) transmission lines.

The company moves large blocks of power from the central generating agencies and areas that have surplus power to load centres within and across regions. It is under the administrative control of the Ministry of Power, GoI.

PGCIL also executes several strategically important projects, assigned to the company by GoI on nomination basis. Power Grid Corporation of India is principally engaged in planning, implementation, operation and maintenance of Inter-State Transmission System (ISTS), Telecom and consultancy services.

",https://www.powergrid.in/,https://www.nseindia.com/get-quotes/equity?symbol=POWERGRID,https://www.bseindia.com/stock-share-price/power-grid-corporation-of-india-ltd/POWERGRID/532898/,10.0,99.0,13.2,19.0,19.0,1.4173456039290386,24176.0,86.87476823070044,4.60298643565485,33.97028990249329,13.2,119353.0
948,RELIANCE,2024-03,8.789365557299389,18.07459281612296,9.958650553699458,12.974182257168223,,,4.502440958879758,0.5784524141094746,0,7.728912535686478,,0,233319.0,0.5122600635424216,45207.0,113581.0,12.633572884885117,Capital Intensive,51.0,1172.747561336092,10.0,458991.0,158788.0,1.6147594966369347,High Quality,27.820034708119483,Shareholder Returns,24.46173600944801,,9.606097094616972,,7.566474743054807,,13.714491828409226,,14.680632603495592,,13.360799426840897,,9.354129979287684,,11.952664832522043,,12.29101807652131,,85.52290600824728,RELIANCE,https://mkt.in/static/mkt-icons/nifty100/RELIANCE.png,"Reliance Industries Ltd
",https://in.tradingview.com/chart/qGsydD2w/?symbol=NSE%3AAMBUJACEM.T0,"Reliance was founded by Dhirubhai Ambani and is now promoted and managed by his elder son, Mukesh Dhirubhai Ambani. Ambani's family has about 50% shareholding in the conglomerate.

",https://www.ril.com/,https://www.nseindia.com/get-quotes/equity?symbol=RELIANCE,https://www.bseindia.com/stock-share-price/reliance-industries-ltd/RELIANCE/500325/,10.0,606.0,9.61,9.25,9.25,0.5784524141094746,45207.0,18.07459281612296,7.728912535686478,8.789365557299389,9.61,233319.0
986,SHREECEM,2024-03,8.445007553238145,22.01647093221578,8.370767521615225,20.206628203408023,,,6.205908683974934,0.07998840747717723,0,19.825581395348838,,0,-5900.0,0.7348612354521038,1929.0,1418.0,6.9099946396374445,Moderate,480.0,5750.833333333334,16.0,1656.0,3347.0,1.9023337132811726,High Quality,42.69588313413015,Shareholder Returns,14.809971802418321,,10.325615915556586,,13.636599315164899,,-9.486515671324725,,11.2926552609119,,8.213734016506091,,-9.426133758215006,,10.67987982673917,,7.823463927058194,,85.46345940201903,SHREECEM,https://mkt.in/static/mkt-icons/nifty100/SHREECEM.png,Shree Cement Ltd,https://in.tradingview.com/chart/qGsydD2w/?symbol=NSE%3AAMBUJACEM.T0,Shree Cement is engaged in manufacturing and selling of cement and cement related products and is ** one of the lowest cost producers in the country. It is the 3rd largest** cement,https://www.shreecement.com/,https://www.nseindia.com/get-quotes/equity?symbol=SHREECEM,https://www.bseindia.com/stock-share-price/shree-cement-ltd/SHREECEM/500387/,10.0,5787.0,14.8,12.2,12.2,0.07998840747717723,1929.0,22.01647093221578,19.825581395348838,8.445007553238145,14.8,-5900.0
1012,SIEMENS,2024-09,12.221223021582734,13.956834532374101,17.698769290877124,19.85162445638271,,,10.743507648523657,0.018167610861496385,0,67.15,,0,278.0,0.8790861298865568,1168.0,502.0,2.2571942446043165,Asset Light,76.0,432.59154929577466,16.0,279.0,1670.0,0.8407752345640682,Moderate,37.628865979381445,Reinvestor,18.998700727442852,,11.193358902067896,,7.612937546261267,,35.646062247422265,,19.85339817550189,,16.250067578355253,,34.83955155292464,,19.643850003755613,,16.15461431239702,,82.29063260682474,SIEMENS,https://mkt.in/static/mkt-icons/nifty100/SIEMENS.png,Siemens Ltd,https://in.tradingview.com/chart/qGsydD2w/?symbol=NSE%3AAMBUJACEM.T0,"Siemens Limited offers products, integrated solutions for industrial applications for manufacturing industries, drives for process",https://www.siemens.com/in/en.html,https://www.nseindia.com/get-quotes/equity?symbol=SIEMENS,https://www.bseindia.com/stock-share-price/siemens-ltd/SIEMENS/500550/,2.0,431.0,25.6,19.1,19.1,0.018167610861496385,1168.0,13.956834532374101,67.15,12.221223021582734,25.6,278.0
1024,SUNPHARMA,2024-03,19.815658700538176,26.84289749881436,15.094161810671148,19.446975695015013,,,11.2650630655976,0.051423814535002436,0,58.331932773109244,,0,-11752.0,0.5684929901064378,11372.0,763.0,1.5732931933934058,Asset Light,40.0,265.27916666666664,34.0,3274.0,12135.0,1.7566700862393236,High Quality,87.35596865878014,Shareholder Returns,13.126755589483485,,10.78116321985565,,11.67163711556578,,61.722961970425125,,24.536829642931245,,9.496531115092143,,49.380158218572156,,29.45936165164078,,10.30542524220699,,93.86770226333894,SUNPHARMA,https://mkt.in/static/mkt-icons/nifty100/SUNPHARMA.png,Sun Pharmaceuticals Industries Ltd,https://in.tradingview.com/chart/qGsydD2w/?symbol=NSE%3AAMBUJACEM.T0,"Sun Pharmaceutical Industries Ltd is engaged in the business of manufacturing, developing and marketing a wide range of branded and generic formulations and Active Pharma Ingredients (APIs). The company and its subsidiaries has various manufacturing facilities spread across the world with trading and other incidental and related activities extending to global market.[1] It is the largest pharmaceutical company in India.[2]

",https://sunpharma.com/,https://www.nseindia.com/get-quotes/equity?symbol=SUNPHARMA,https://www.bseindia.com/stock-share-price/sun-pharmaceuticals-industries-ltd/SUNPHARMA/524715/,1.0,288.0,17.3,16.7,16.7,0.051423814535002436,11372.0,26.84289749881436,58.331932773109244,19.815658700538176,17.3,-11752.0
1037,TATACONSUM,2024-03,7.9902669998684726,15.020386689464685,7.566793298872766,11.692433705334288,,,4.358119014311847,0.21654107242947002,0,25.32183908045977,,0,2606.0,0.5454284586965099,26.0,1911.0,12.567407602262264,Capital Intensive,12.0,169.02105263157895,64.0,3477.0,1937.0,1.6654943996785712,High Quality,1.138353765323993,Mixed,9.436125385661253,,15.96086282879563,,6.988876278201839,,9.319535187362149,,21.59956338772886,,9.068818893153164,,10.064241629820891,,14.869835499703509,,5.537868966683179,,79.47887831305565,TATACONSUM,https://mkt.in/static/mkt-icons/nifty100/TATACONSUM.png,Tata Consumer Products Ltd,https://in.tradingview.com/chart/qGsydD2w/?symbol=NSE%3AAMBUJACEM.T0,"Tata Consumer Products Ltd. is one of the leading companies of the Tata Group, with presence in the food and beverages business in India and internationally. It is the second largest tea company globally and has significant market presence and leadership in many markets. In addition to South Asia (mainly India), it has presence in various other geographies including Canada, UK, North America, Australia, Europe, Middle East and Africa. [1]


",https://www.tataconsumer.com/,https://www.nseindia.com/get-quotes/equity?symbol=TATACONSUM,https://www.bseindia.com/stock-share-price/tata-consumer-products-ltd/TATACONSUM/500800/,1.0,193.0,10.6,8.32,8.32,0.21654107242947002,26.0,15.020386689464685,25.32183908045977,7.9902669998684726,10.6,2606.0
1063,TATAPOWER,2024-03,6.965125551270159,17.469771680580646,13.227840276919272,12.476029984310536,,,3.0779409438060035,1.659321300531586,0,3.054392402331103,,0,37373.0,0.4419074604110633,3569.0,9027.0,14.69023092320461,Capital Intensive,12.0,101.1125,17.0,53689.0,12596.0,3.866291981206616,High Quality,33.24639031206335,Shareholder Returns,23.398271146138306,,15.511158201876407,,5.573043704303959,,43.81173474053719,,10.431728917459004,,79.98083083658562,,44.22495703074083,,5.922384104881218,,,TURNAROUND,80.5304640315967,TATAPOWER,https://mkt.in/static/mkt-icons/nifty100/TATAPOWER.png,"Tata Power Company Ltd
",https://in.tradingview.com/chart/qGsydD2w/?symbol=NSE%3AAMBUJACEM.T0,"Tata Power Company Ltd is primarily involved in the business of the generation, transmission and distribution of electricity. It aims to produce electricity completely through renewable sources. It also manufactures solar roofs and plans to build 1 lakh ev charging stations by 2025[1] The company is India's largest vertically-integrated power company.

",https://www.tatapower.com/,https://www.nseindia.com/get-quotes/equity?symbol=TATAPOWER,https://www.bseindia.com/stock-share-price/tata-power-company-ltd/TATAPOWER/500400/,1.0,105.0,11.1,11.3,11.3,1.659321300531586,3569.0,17.469771680580646,3.054392402331103,6.965125551270159,11.1,37373.0
1115,TITAN,2024-03,6.843630099444054,10.359408033826638,37.2192057915469,21.23510292524377,,,11.081877833074461,1.653145959757266,0,9.411954765751211,,0,13183.0,1.619298190002219,1506.0,189.0,0.36997885835095135,Asset Light,39.0,105.53932584269663,28.0,15528.0,1695.0,0.9180593506856705,Moderate,28.458049886621318,Reinvestor,33.14221885428872,,20.897163953120245,,16.675157366300255,,53.11021124836826,,20.274576296793036,,16.876825851348286,,52.4838939608516,,19.50578386760935,,17.164882683060824,,79.98761553727317,TITAN,https://mkt.in/static/mkt-icons/nifty100/TITAN.png,"Titan Company Ltd
",https://in.tradingview.com/chart/qGsydD2w/?symbol=NSE%3AAMBUJACEM.T0,"Titan Company Ltd is among India's most respected lifestyle companies. It has established leadership positions in the Watches, Jewellery and Eyewear categories led by its trusted brands and differentiated customer experience. It was founded in 1984 as a joint-venture between TATA Group and Tamilnadu Industrial Development Corporation (TIDCO). [1]

",https://www.titancompany.in/,https://www.nseindia.com/get-quotes/equity?symbol=TITAN,https://www.bseindia.com/stock-share-price/titan-company-ltd/TITAN/500114/,1.0,110.0,22.7,32.9,32.9,1.653145959757266,1506.0,10.359408033826638,9.411954765751211,6.843630099444054,22.7,13183.0
1128,TORNTPHARM,2024-03,15.436241610738255,31.3944817300522,24.154025670945156,30.961573818716676,,,11.416752843846949,0.5866394399066511,0,9.926553672316384,,0,3849.0,0.7396070320579111,3106.0,160.0,1.4914243102162565,Asset Light,49.0,202.84023668639054,57.0,4022.0,3266.0,1.8310311329476943,High Quality,92.2209026128266,Shareholder Returns,10.251830698592634,,6.932744476678732,,9.904998966029122,,9.770422181784767,,30.591457402327848,,9.569385326916846,,9.815788772150768,,30.391879544001377,,9.374632912519697,,100.0,TORNTPHARM,https://mkt.in/static/mkt-icons/nifty100/TORNTPHARM.png,Torrent Pharmaceuticals Ltd,https://in.tradingview.com/chart/qGsydD2w/?symbol=NSE%3AAMBUJACEM.T0,"Torrent Pharmaceuticals Ltd is one of the leading Indian Pharmaceutical Company engaged in research, development, manufacturing and marketing of generic pharmaceutical formulations.

It is the flagship company of Torrent Group which also has presence in power and city gas distribution businesses.

",https://www.torrentpharma.com/,https://www.nseindia.com/get-quotes/equity?symbol=TORNTPHARM,https://www.bseindia.com/stock-share-price/torrent-pharmaceuticals-ltd/TORNTPHARM/500420/,5.0,222.0,23.2,24.2,24.2,0.5866394399066511,3106.0,31.3944817300522,9.926553672316384,15.436241610738255,23.2,3849.0
1141,TRENT,2024-03,11.935353535353535,15.927272727272726,36.30776794493609,33.86016148428105,,,20.622731080703712,0.4309242871189774,0,8.043478260869565,,0,337.0,1.7278693102485339,841.0,508.0,4.105050505050505,Moderate,42.0,113.0,8.0,1753.0,1349.0,1.1823415460786655,High Quality,42.668696093353624,Reinvestor,68.36335197744833,,36.30691600183056,,18.15797703617492,,,TURNAROUND,73.11367578503176,,,TURNAROUND,,TURNAROUND,69.52182030724354,,,TURNAROUND,91.69182667498826,TRENT,https://mkt.in/static/mkt-icons/nifty100/TRENT.png,Trent Ltd,https://in.tradingview.com/chart/qGsydD2w/?symbol=NSE%3AAMBUJACEM.T0,"Trent Ltd is engaged in retailing of apparels, footwear, accessories, toys, games, food, grocery & non food products through various of its retail formats/ concepts.[1]

",https://trentlimited.com/,https://www.nseindia.com/get-quotes/equity?symbol=TRENT,https://www.bseindia.com/stock-share-price/trent-ltd/TRENT/500251/,1.0,132.0,23.8,27.2,27.2,0.4309242871189774,841.0,15.927272727272726,8.043478260869565,11.935353535353535,23.8,337.0
