id,company_id,year,net_profit_margin_pct,operating_profit_margin_pct,return_on_equity_pct,return_on_capital_employed_pct,roce_sector_benchmark_pct,roce_vs_sector_benchmark_pct,return_on_assets_pct,debt_to_equity,high_leverage_flag,interest_coverage,icr_label,icr_warning_flag,net_debt_cr,asset_turnover,free_cash_flow_cr,capex_cr,capex_intensity_pct,capex_intensity_label,earnings_per_share,book_value_per_share,dividend_payout_ratio_pct,total_debt_cr,cash_from_operations_cr,cfo_quality_score,cfo_quality_label,fcf_conversion_rate_pct,capital_allocation_pattern,revenue_cagr_3yr,revenue_cagr_3yr_flag,revenue_cagr_5yr,revenue_cagr_5yr_flag,revenue_cagr_10yr,revenue_cagr_10yr_flag,pat_cagr_3yr,pat_cagr_3yr_flag,pat_cagr_5yr,pat_cagr_5yr_flag,pat_cagr_10yr,pat_cagr_10yr_flag,eps_cagr_3yr,eps_cagr_3yr_flag,eps_cagr_5yr,eps_cagr_5yr_flag,eps_cagr_10yr,eps_cagr_10yr_flag,composite_quality_score,roe,roce,npm,opm,de,fcf,net_debt,icr,book_value,company_name,face_value,sector,sales,dividend_payout,net_profit,eps,market_cap,pe,pb,dividend_yield,broad_sector,de_previous_year,de_declining,fcf_yield_pct
495,HDFCLIFE,2016-03,4.503610605810043,94.74119398048619,26.32935868514341,553.8833387044796,5.295599748042832,548.5877389564367,1.067359949832776,0.0,0,159.1851851851852,,0,-74144.0,0.23700094063545152,1725.0,3962.0,21.840030869301582,Capital Intensive,4.0,15.55388471177945,22.0,0.0,5687.0,5.829360645996696,High Quality,10.036655611799617,Shareholder Returns,12.366704821498665,,21.16813430936688,,19.44610458066991,,4.966053172356233,,4.25449161597129,,8.060425215255096,,0.0,,3.131030647754507,,5.755705033825231,,100.0,26.32935868514341,553.8833387044796,4.503610605810043,94.74119398048619,0.0,1725.0,-74144.0,159.1851851851852,15.55388471177945,HDFC Life Insurance Company Ltd,10.0,Financials,18141.0,22.0,817.0,4.0,,,,,Financials,0.0,False,
1017,SUNPHARMA,2017-03,24.846412059028438,31.99062638545823,21.413755458515286,21.737820623170943,,,12.842294786807432,0.2683406113537118,0,26.78,,0,8640.0,0.5168671740731647,2896.0,4186.0,13.256064348597125,Capital Intensive,29.0,152.66666666666666,12.0,9832.0,7082.0,1.7566700862393236,High Quality,28.66759057612354,Reinvestor,13.126755589483485,,10.78116321985565,,11.67163711556578,,61.722961970425125,,24.536829642931245,,9.496531115092143,,49.380158218572156,,29.45936165164078,,10.30542524220699,,100.0,21.413755458515286,21.737820623170943,24.846412059028438,31.99062638545823,0.2683406113537118,2896.0,8640.0,26.78,152.66666666666666,Sun Pharmaceuticals Industries Ltd,1.0,Healthcare,31578.0,12.0,7846.0,29.0,,,,,Healthcare,0.25761756056150137,False,
573,ICICIPRULI,2018-03,4.169241862381541,95.44190358467245,24.627319744447824,563.7663522969273,4.993629027364845,558.7727232695624,1.141595977971922,0.0,0,280.81060606060606,,0,-138537.0,0.27381380492035623,301.0,5389.0,13.877729707457767,Capital Intensive,11.0,45.77994428969359,59.0,0.0,5690.0,1.926589234229299,High Quality,0.8121526091414387,Shareholder Returns,2.777335010929405,,16.84553965244746,,15.22627795803697,,-3.803953723638853,,-5.6631941891523425,,-5.886339433478582,,-5.008574840700353,,-5.591248870509801,,-5.881313739260197,,100.0,24.627319744447824,563.7663522969273,4.169241862381541,95.44190358467245,0.0,301.0,-138537.0,280.81060606060606,45.77994428969359,ICICI Prudential Life Insurance Company Ltd,10.0,Financials,38832.0,59.0,1619.0,11.0,,,,,Financials,0.0,False,
975,SHREECEM,2013-06,18.530823181985973,28.811369509043928,26.11862643080125,30.416991426344502,,,16.2987012987013,0.3350676378772112,0,9.05699481865285,,0,-915.0,0.8795454545454545,990.0,270.0,4.983388704318937,Moderate,288.0,1098.2857142857142,7.0,1288.0,1260.0,1.9023337132811726,High Quality,63.420884048686744,Shareholder Returns,14.809971802418321,,10.325615915556586,,13.636599315164899,,-9.486515671324725,,11.2926552609119,,8.213734016506091,,-9.426133758215006,,10.67987982673917,,7.823463927058194,,100.0,26.11862643080125,30.416991426344502,18.530823181985973,28.811369509043928,0.3350676378772112,990.0,-915.0,9.05699481865285,1098.2857142857142,Shree Cement Ltd,10.0,Materials,5418.0,7.0,1004.0,288.0,,,,,Materials,,False,
201,BEL,2019-03,15.512989148306477,23.914830647813222,3851.020408163265,3030.208333333333,,,1497.6190476190477,0.9591836734693877,0,186.375,,0,47.0,96.53968253968254,618.0,896.0,7.365998026964814,Moderate,3.0,4.454545454545454,44.0,47.0,1514.0,1.4314097431750876,High Quality,21.244413887933998,Reinvestor,12.8335418079377,,10.7508063318833,,12.01331595775741,,23.80447523322802,,16.12648618019128,,15.392913221732885,,18.56311014966876,,10.756634324829006,,17.461894308801895,,99.0854632423345,3851.020408163265,3030.208333333333,15.512989148306477,23.914830647813222,0.9591836734693877,618.0,47.0,186.375,4.454545454545454,Bharat Electronics Ltd,1.0,Industrials,12164.0,44.0,1887.0,3.0,770752.45,73.48,7.9,4.11,Industrials,1.5483870967741935,True,0.08018138638417563
562,ICICIGI,2020-03,10.367283146652774,84.61404879742989,19.46527551353114,147.22767789696329,4.642391716347407,142.58528618061587,3.2233680686787967,0.07906749266384089,0,650.6666666666666,,0,-25842.0,0.3109173370768317,51.0,3382.0,29.365286098810454,Capital Intensive,26.0,135.11013215859032,13.0,485.0,3433.0,1.458965013017095,High Quality,0.5233453052847614,Shareholder Returns,18.98796206427069,,12.911841003362579,,16.75593015728085,,9.217125634550683,,12.839173718198161,,13.948119696893514,,6.816467042447916,,11.139222486886503,,12.5092775800282,,98.78446123214187,19.46527551353114,147.22767789696329,10.367283146652774,84.61404879742989,0.07906749266384089,51.0,-25842.0,650.6666666666666,135.11013215859032,ICICI Lombard General Insurance Company Ltd,10.0,Financials,11517.0,13.0,1194.0,26.0,742801.33,47.5,3.75,3.28,Financials,0.08981481481481482,True,0.006865900468971967
472,HCLTECH,2018-03,17.24772093575115,22.238921078130872,23.97075798383994,30.44149094551065,,,18.174998437141845,0.015308085527400648,0,180.81159420289856,,0,-2103.0,1.0537623205317885,6092.0,2236.0,4.421681267179498,Moderate,31.0,261.76978417266184,19.0,557.0,8328.0,1.371283984612863,High Quality,54.17037168771118,Reinvestor,13.396477329776978,,12.710299978373406,,13.082373204583831,,12.043662852781601,,9.194090295112023,,9.179123626035102,,12.257330985276148,,9.407036350794119,,9.69075247889608,,98.28378646150483,23.97075798383994,30.44149094551065,17.24772093575115,22.238921078130872,0.015308085527400648,6092.0,-2103.0,180.81159420289856,261.76978417266184,HCL Technologies Ltd,2.0,Information Technology,50569.0,19.0,8722.0,31.0,,,,,Information Technology,0.01766366202312665,True,
377,DRREDDY,2014-03,14.632873648900485,24.23406634364517,24.958677685950413,26.340949602981688,,,12.341254872375204,0.5692307692307692,0,26.937007874015748,,0,3410.0,0.84339243052936,366.0,1604.0,11.956764815505032,Capital Intensive,23.0,92.52941176470588,16.0,4477.0,1970.0,1.3421751740527739,High Quality,11.258074438634265,Shareholder Returns,13.71726615103832,,12.639644349571988,,7.640025915260695,,41.90561020689674,,23.392504645437473,,11.008394366816532,,42.81779454599071,,23.842409558387544,,11.284504563028698,,97.89566898737031,24.958677685950413,26.340949602981688,14.632873648900485,24.23406634364517,0.5692307692307692,366.0,3410.0,26.937007874015748,92.52941176470588,Dr Reddys Laboratories Ltd,1.0,Healthcare,13415.0,16.0,1963.0,23.0,,,,,Healthcare,0.5781127335531481,True,
72,ADANIPOWER,2024-03,41.36759945184802,36.20186292228556,48.27674122146251,23.441056570774553,,,22.638002804073516,0.8023177656738903,0,8.297225501770956,,0,34242.0,0.5472399439185297,17651.0,3481.0,6.9134674584417395,Moderate,54.0,111.86155042779362,0.0,34616.0,14170.0,1.3223405880103996,High Quality,96.83454026771999,Liquidating Assets,24.294797156226156,,16.086096410440966,,12.629527157691523,,154.07088459944453,,,TURNAROUND,,TURNAROUND,162.07413942088965,,,TURNAROUND,,TURNAROUND,97.63120784013866,48.27674122146251,23.441056570774553,41.36759945184802,36.20186292228556,0.8023177656738903,17651.0,34242.0,8.297225501770956,111.86155042779362,Adani Power Ltd,10.0,Energy,50351.0,0.0,20829.0,54.0,1372183.55,44.57,9.91,1.65,Energy,1.4175257731958764,True,1.2863439442922924
526,HINDALCO,2022-03,7.038895923797416,85.46747394378112,17.559565678914453,116.84574248126889,,,6.188726871154583,0.8247240731030425,0,133.06225059856345,,0,50367.0,0.8792184084199139,10065.0,6773.0,3.472282745220677,Moderate,61.0,352.2117117117117,6.0,64486.0,16838.0,2.7656766348986848,High Quality,6.037357838667883,Shareholder Returns,17.830855223435172,,10.592433818985914,,9.43097050230084,,42.85939867649064,,13.06871230695661,,16.553290877299798,,41.155404332154276,,13.396657763302722,,15.128271105738422,,96.94945709864307,17.559565678914453,116.84574248126889,7.038895923797416,85.46747394378112,0.8247240731030425,10065.0,50367.0,133.06225059856345,352.2117117117117,Hindalco Industries Ltd,1.0,Materials,195059.0,6.0,13730.0,61.0,477796.57,58.41,9.72,2.8,Materials,1.010115281138683,True,2.1065450511710453
897,PIDILITIND,2024-03,14.108051360736493,21.868690947266415,20.780302129178065,30.81124132438275,,,14.466710831401125,0.045438325205186154,0,54.333333333333336,,0,-1853.0,1.0254223252732693,955.0,1769.0,14.285714285714285,Capital Intensive,34.0,164.84313725490196,47.0,382.0,2724.0,1.1872411286700877,High Quality,35.2658788774003,Shareholder Returns,19.2998469335665,,11.836370175898114,,11.200766251991956,,15.76701574818362,,13.48774998597666,,14.527040733688779,,15.616214441920405,,13.564157249607756,,14.215130617291273,,95.82988171560118,20.780302129178065,30.81124132438275,14.108051360736493,21.868690947266415,0.045438325205186154,955.0,-1853.0,54.333333333333336,164.84313725490196,Pidilite Industries Ltd,1.0,Materials,12383.0,47.0,1747.0,34.0,162274.18,36.12,12.3,1.01,Materials,0.05421519689406545,True,0.588510137595519
829,NESTLEIND,2021-12,14.368089003459739,24.163896614883658,108.83864337101747,161.03074141048825,,,25.722613553558414,0.1366906474820144,0,17.07920792079208,,0,-508.0,1.790259897983969,316.0,1920.0,13.024896547045655,Capital Intensive,22.0,20.270833333333332,91.0,266.0,2236.0,1.1143341868752212,High Quality,8.871420550252667,Shareholder Returns,18.282008662499027,,14.548573711802671,,9.487020936359048,,22.913427743605965,,14.852319512993839,,12.745848564103014,,23.06098642720351,,15.43852585822143,,13.073350509641957,,94.85778915833629,108.83864337101747,161.03074141048825,14.368089003459739,24.163896614883658,0.1366906474820144,316.0,-508.0,17.07920792079208,20.270833333333332,Nestle India Ltd,1.0,Consumer Staples,14741.0,91.0,2118.0,22.0,1425221.19,20.87,13.55,0.43,Consumer Staples,0.07280832095096583,False,0.02217199703577239
96,APOLLOHOSP,2022-03,7.556434563186251,14.928732183045762,19.704783923172684,22.587968217934165,,,8.355327652514893,0.723457229237062,0,6.746701846965699,,0,3252.0,1.1057235502601614,949.0,747.0,5.094455432039828,Moderate,73.0,390.48611111111114,16.0,4068.0,1696.0,3.4884621283951085,High Quality,43.35312928277752,Shareholder Returns,21.752736351876713,,14.660042602193135,,15.90208668517812,,89.6838465061924,,36.13077689773863,,11.493642912195057,,84.69147504478333,,29.95061094416296,,10.60156477390728,,94.55971208701162,19.704783923172684,22.587968217934165,7.556434563186251,14.928732183045762,0.723457229237062,949.0,3252.0,6.746701846965699,390.48611111111114,"Apollo Hospitals
Chain of Indian private hospitals",5.0,Healthcare,14663.0,16.0,1108.0,73.0,1499729.8,53.27,1.11,1.32,Healthcare,0.9037584184227677,True,0.06327806515547
59,ADANIPORTS,2024-03,30.339560480700833,58.36172363445772,15.3548827162833,15.246263985603631,,,6.926554927819896,0.9373223691689719,0,5.949506037321624,,0,45181.0,0.22830109659056916,8250.0,6768.0,25.337875781513237,Capital Intensive,38.0,244.34259259259258,16.0,49470.0,15018.0,1.923293066451101,High Quality,52.92193213163128,Shareholder Returns,28.631936311849437,,19.57867595245697,,18.65179197239284,,17.084126579285687,,14.909565182041629,,16.624572854327614,,14.977941578896626,,14.869835499703509,,16.860936130231472,,94.19360339535413,15.3548827162833,15.246263985603631,30.339560480700833,58.36172363445772,0.9373223691689719,8250.0,45181.0,5.949506037321624,244.34259259259258,"Adani Ports & Special Economic Zone Ltd
",2.0,Industrials,26711.0,16.0,8104.0,38.0,675598.01,48.9,2.31,1.16,Industrials,1.1772455881380952,True,1.2211403642233938
616,INFY,2023-03,16.426035825492104,23.93589839677857,31.970506716883047,41.968317683320194,,,19.34893576037754,0.11005609558794277,0,133.20774647887325,,0,-11179.0,1.1779431121384314,21396.0,1071.0,0.7297280723868445,Asset Light,58.0,182.23054615756405,73.0,8299.0,22467.0,1.037696383329751,High Quality,60.90520922288643,Reinvestor,15.216500798806365,,13.199100930556229,,11.852717458931128,,10.558796476740762,,11.239419983657939,,9.433477603192465,,11.868894208139679,,12.474611314209483,,10.60156477390728,,93.83595177773002,31.970506716883047,41.968317683320194,16.426035825492104,23.93589839677857,0.11005609558794277,21396.0,-11179.0,133.20774647887325,182.23054615756405,Infosys Ltd,5.0,Information Technology,146767.0,73.0,24108.0,58.0,871427.0,71.12,11.97,0.56,Information Technology,0.07264764432647644,False,2.4552831160843076
1085,TCS,2020-03,20.673594607165384,26.829734499741953,38.56952666238737,45.62188515709643,,,27.010580469003635,0.09716377814231035,0,50.54220779220779,,0,-18182.0,1.3065255937466183,41337.0,8968.0,5.713958037324226,Moderate,86.0,224.336,85.0,8174.0,32369.0,1.0364105693048848,High Quality,98.1666627086846,Liquidating Assets,13.632864555506409,,10.463614801716602,,11.404391189817975,,12.286310199806593,,7.871172131953608,,9.07908137484088,,13.007434657986106,,8.618771612987096,,9.991915190476197,,93.8188075907318,38.56952666238737,45.62188515709643,20.673594607165384,26.829734499741953,0.09716377814231035,41337.0,-18182.0,50.54220779220779,224.336,Tata Consultancy Services Ltd,1.0,Information Technology,156949.0,85.0,32447.0,86.0,290730.69,57.2,0.61,0.05,Information Technology,0.000693155646982537,False,14.218313174986788
756,LTIM,2013-03,14.593612048818489,22.591534666320438,41.97162061239731,55.30832803560076,,,24.140893470790378,0.17475728155339806,0,42.476190476190474,,0,185.0,1.654209621993127,384.0,224.0,5.816670994546871,Moderate,174.0,83.6875,54.0,234.0,608.0,1.016292459052437,High Quality,44.13793103448276,Shareholder Returns,42.13101535214459,,30.32798083513346,,21.85605589762474,,33.24835486418234,,24.775129058600996,,16.495191642458163,,11.772828128939317,,12.24383304425547,,-6.666549487610296,,93.55056612069916,41.97162061239731,55.30832803560076,14.593612048818489,22.591534666320438,0.17475728155339806,384.0,185.0,42.476190476190474,83.6875,LTIMindtree Ltd,1.0,Information Technology,3851.0,54.0,562.0,174.0,,,,,Information Technology,,False,
394,EICHERMOT,2018-03,21.862799776910204,31.3329615170106,27.880512091038405,39.117114607993315,,,20.583910943079182,0.021479374110953058,0,669.0,,0,-5430.0,0.9415038857382902,337.0,2145.0,23.92638036809816,Capital Intensive,72.0,260.3703703703704,15.0,151.0,2482.0,0.998535742862353,Moderate,11.997152011391954,Shareholder Returns,23.776441520116,,11.036936496739692,,6.586411864952746,,43.747506025200565,,12.675841665377696,,19.00991470281268,,43.89717190746498,,12.505451629050324,,20.299134274435904,,93.31380990483137,27.880512091038405,39.117114607993315,21.862799776910204,31.3329615170106,0.021479374110953058,337.0,-5430.0,669.0,260.3703703703704,Eicher Motors Ltd,1.0,Consumer Discretionary,8965.0,15.0,1960.0,72.0,,,,,Consumer Discretionary,0.02095416276894294,False,
108,ASIANPAINT,2021-03,14.769953484087875,22.36448210749321,25.042948617835393,34.93776530685661,,,15.755342667649227,0.0853506168983289,0,56.391304347826086,,0,-3644.0,1.0667157946450503,3142.0,541.0,2.491594897066274,Asset Light,33.0,133.39583333333334,55.0,1093.0,3683.0,0.9321931577763529,Moderate,64.70345963756178,Shareholder Returns,17.801037676951047,,13.029660349453076,,11.25245350301849,,20.117567163333238,,20.277362101955056,,15.971565352132288,,19.983162620797668,,20.973552688431262,,15.929283130870008,,92.4292421036847,25.042948617835393,34.93776530685661,14.769953484087875,22.36448210749321,0.0853506168983289,3142.0,-3644.0,56.391304347826086,133.39583333333334,"Asian Paints
Indian Multi-National Paint and Coating Manufacturing Company",1.0,Materials,21713.0,55.0,3207.0,33.0,1269304.94,78.48,8.21,1.28,Materials,0.11036525172754195,True,0.24753704968642132
637,IRCTC,2020-03,22.659010600706715,31.051236749116605,39.04109589041096,53.50076103500761,,,15.828448009873497,0.0,0,78.0,,0,0.0,0.6985498302992903,417.0,8.0,0.35335689045936397,Asset Light,6.0,16.425,39.0,0.0,409.0,0.9036900006508211,Moderate,59.31721194879089,Liquidating Assets,76.46921430165466,,17.955244103890912,,,INSUFFICIENT,81.11627776293705,,29.16686408659448,,,INSUFFICIENT,91.29311827723889,,28.473515712343932,,,INSUFFICIENT,92.04920000867762,39.04109589041096,53.50076103500761,22.659010600706715,31.051236749116605,0.0,417.0,0.0,78.0,16.425,Indian Railway Catering & Tourism Corporation Ltd,2.0,Consumer Discretionary,2264.0,39.0,513.0,6.0,1081327.44,36.42,8.58,2.19,Consumer Discretionary,0.0,False,0.03856371202417651
1141,TRENT,2024-03,11.935353535353535,15.927272727272726,36.30776794493609,33.86016148428105,,,20.622731080703712,0.4309242871189774,0,8.043478260869565,,0,337.0,1.7278693102485339,841.0,508.0,4.105050505050505,Moderate,42.0,113.0,8.0,1753.0,1349.0,1.1823415460786655,High Quality,42.668696093353624,Reinvestor,68.36335197744833,,36.30691600183056,,18.15797703617492,,,TURNAROUND,73.11367578503176,,,TURNAROUND,,TURNAROUND,69.52182030724354,,,TURNAROUND,91.69182667498826,36.30776794493609,33.86016148428105,11.935353535353535,15.927272727272726,0.4309242871189774,841.0,337.0,8.043478260869565,113.0,Trent Ltd,1.0,Consumer Discretionary,12375.0,8.0,1477.0,42.0,571322.04,8.65,11.82,3.46,Consumer Discretionary,1.7195685670261942,True,0.14720244295143942
786,MARUTI,2017-03,11.031798487185137,15.305867665418226,20.258934592043158,27.745680129928914,,,14.45535026943803,0.013054619015509103,0,144.04494382022472,,0,-28667.0,1.3103348729792148,1109.0,9173.0,13.472864801351253,Capital Intensive,249.0,1227.6490066225167,30.0,484.0,10282.0,1.1324044582012847,High Quality,10.641972939257268,Shareholder Returns,26.323644326166008,,10.510215112642584,,12.2815532690568,,45.387585949345265,,12.007182039300378,,16.801752458674525,,43.55878145035321,,11.139222486886503,,16.394629934979687,,90.40459377476868,20.258934592043158,27.745680129928914,11.031798487185137,15.305867665418226,0.013054619015509103,1109.0,-28667.0,144.04494382022472,1227.6490066225167,Maruti Suzuki India Ltd,5.0,Consumer Discretionary,68085.0,30.0,7511.0,249.0,,,,,Consumer Discretionary,0.0075450744708649075,False,
751,LT,2021-03,9.502202545981364,17.252664014296325,176.90306681270536,289.5581337941249,,,120.68933308425183,0.1092552026286966,0,2.6868936170212767,,0,-2932.0,12.701195591257239,17324.0,5750.0,4.22859412115106,Moderate,82.0,811.5555555555555,44.0,798.0,23074.0,1.4464230063906993,High Quality,73.84484228473998,Shareholder Returns,17.592821624288746,,10.335347989682408,,10.02514597108597,,6.361264204860495,,8.75885858017449,,12.273743409690363,,5.027553928675843,,8.56169392953159,,10.500834061722086,,89.59898495056947,176.90306681270536,289.5581337941249,9.502202545981364,17.252664014296325,0.1092552026286966,17324.0,-2932.0,2.6868936170212767,811.5555555555555,Larsen & Toubro Ltd,2.0,Industrials,135979.0,44.0,12921.0,82.0,690472.41,13.01,9.07,3.34,Industrials,0.1687638786084382,True,2.509006840693316
411,GAIL,2022-03,13.262908267758974,16.342567640400993,19.19081635836167,20.67503068321287,,,12.739170048869378,0.14374395607823565,0,89.53465346534654,,0,-7192.0,0.9605110577321295,3930.0,5490.0,5.917861377600517,Moderate,18.0,144.4009009009009,36.0,9216.0,9420.0,0.9900484324735057,Moderate,25.921772970120706,Reinvestor,32.42353373080278,,11.825154521824267,,7.990438901094743,,17.25429359158057,,8.608876760374562,,7.54232179343064,,18.56311014966876,,8.447177119769854,,7.919350247286827,,88.5317338546665,19.19081635836167,20.67503068321287,13.262908267758974,16.342567640400993,0.14374395607823565,3930.0,-7192.0,89.53465346534654,144.4009009009009,GAIL (India) Ltd,10.0,Energy,92770.0,36.0,12304.0,18.0,1209368.79,66.94,6.52,3.73,Energy,0.14803881012372608,True,0.3249629089568286
463,HAVELLS,2022-03,8.58085808580858,12.73496914908882,19.923371647509576,26.81673968877474,,,11.365580157749692,0.10261535898717308,0,28.865671641791046,,0,190.0,1.324527226076214,969.0,759.0,5.445544554455446,Moderate,19.0,95.28571428571429,39.0,616.0,1728.0,1.0531615268489045,High Quality,54.59154929577464,Shareholder Returns,21.14089015706202,,13.037907939063121,,8.728389766288359,,6.77797587953104,,10.033231229420036,,11.040413196880138,,5.566719197800074,,8.997698704834534,,11.069085371075271,,86.68133739979453,19.923371647509576,26.81673968877474,8.58085808580858,12.73496914908882,0.10261535898717308,969.0,190.0,28.865671641791046,95.28571428571429,Havells India Ltd,1.0,Industrials,13938.0,39.0,1196.0,19.0,2198343.31,79.91,10.23,0.34,Industrials,0.10063743480780375,False,0.044078647570292374
1113,TITAN,2022-03,7.632209451717073,11.611514288690579,23.6267870579383,20.1713113765231,,,10.37379648857844,0.782005804579168,0,16.15137614678899,,0,6981.0,1.3592127619407213,441.0,1165.0,4.04527934997743,Moderate,24.0,104.52808988764045,31.0,7275.0,-724.0,0.9180593506856705,Moderate,13.187799043062201,Mixed,33.14221885428872,,20.897163953120245,,16.675157366300255,,53.11021124836826,,20.274576296793036,,16.876825851348286,,52.4838939608516,,19.50578386760935,,17.164882683060824,,83.85230563116619,23.6267870579383,20.1713113765231,7.632209451717073,11.611514288690579,0.782005804579168,441.0,6981.0,16.15137614678899,104.52808988764045,"Titan Company Ltd
",1.0,Consumer Discretionary,28799.0,31.0,2198.0,24.0,1599747.79,72.03,9.49,4.44,Consumer Discretionary,0.7520341469921302,False,0.027566845396298376
952,SBILIFE,2015-03,3.4830548314030514,3.3933074062994146,20.09368836291913,19.57593688362919,5.569861707200763,14.006075176428427,1.0995534329002576,0.0,0,244.25,,0,-69385.0,0.31568651259427155,2533.0,178.0,0.7607162699260652,Asset Light,8.0,40.56,15.0,0.0,2711.0,15.301624757997,High Quality,319.0176322418136,Shareholder Returns,17.235877577119997,,24.231614182367544,,22.56159335451695,,9.162347526806492,,7.374662152227485,,10.03348279743188,,8.198385552319753,,7.8852443962371455,,10.500834061722086,,83.39330740629941,20.09368836291913,19.57593688362919,3.4830548314030514,3.3933074062994146,0.0,2533.0,-69385.0,244.25,40.56,SBI Life Insurance Company Ltd,10.0,Financials,23399.0,15.0,815.0,8.0,,,,,Financials,0.0,False,
1012,SIEMENS,2024-09,12.221223021582734,13.956834532374101,17.698769290877124,19.85162445638271,,,10.743507648523657,0.018167610861496385,0,67.15,,0,278.0,0.8790861298865568,1168.0,502.0,2.2571942446043165,Asset Light,76.0,432.59154929577466,16.0,279.0,1670.0,0.8407752345640682,Moderate,37.628865979381445,Reinvestor,18.998700727442852,,11.193358902067896,,7.612937546261267,,35.646062247422265,,19.85339817550189,,16.250067578355253,,34.83955155292464,,19.643850003755613,,16.15461431239702,,82.29063260682474,17.698769290877124,19.85162445638271,12.221223021582734,13.956834532374101,0.018167610861496385,1168.0,278.0,67.15,432.59154929577466,Siemens Ltd,2.0,Industrials,22240.0,16.0,2718.0,76.0,1191331.95,33.32,9.25,3.69,Industrials,0.01337204859784519,False,0.09804152402695152
592,INDIGO,2024-03,11.852722628584697,76.29890862649484,892.568306010929,5640.87982832618,,,668.3306055646481,0.018579234972677595,0,22.612639724849526,,0,-171.0,56.38625204582652,9424.0,11759.0,17.065772669220944,Capital Intensive,212.0,190.625,0.0,17.0,21183.0,-14.344662971577204,Accrual Risk,17.92555113841706,Shareholder Returns,67.58091776468258,,19.313355125806165,,20.01227897172877,,,TURNAROUND,120.69250867467933,,32.9316579498421,,,TURNAROUND,121.23568222761168,,-34.87773528813343,,80.0,892.568306010929,5640.87982832618,11.852722628584697,76.29890862649484,0.018579234972677595,9424.0,-171.0,22.612639724849526,190.625,Interglobe Aviation Ltd,10.0,Consumer Discretionary,68904.0,0.0,8167.0,212.0,1040632.92,76.23,7.87,4.27,Consumer Discretionary,0.015444015444015444,False,0.9056027172386589
813,NAUKRI,2018-03,50.708502024291505,22.16599190283401,24.49877750611247,10.703812316715542,,,19.298921417565484,0.0004889975550122249,0,124.0,,0,-1564.0,0.38058551617873654,104.0,149.0,15.08097165991903,Capital Intensive,42.0,167.62295081967213,13.0,1.0,253.0,-1.4615389776946528,Accrual Risk,47.48858447488584,Reinvestor,31.002640631164248,,17.115610089960743,,16.16000419274206,,-25.134755898556637,,0.10114653187012212,,25.787235225263295,,-26.319370027192267,,-2.1296099175999395,,18.58677786278009,,80.0,24.49877750611247,10.703812316715542,50.708502024291505,22.16599190283401,0.0004889975550122249,104.0,-1564.0,124.0,167.62295081967213,Info Edge (India) Ltd,10.0,Communication Services,988.0,13.0,501.0,42.0,,,,,Communication Services,0.000628140703517588,True,
368,DMART,2018-03,5.361537949843678,9.000199560965875,17.262797172842152,26.487862176977288,,,14.270538243626063,0.09402441636324695,0,24.016666666666666,,0,371.0,2.6616501416430594,1194.0,464.0,3.086542938867824,Moderate,13.0,74.82371794871794,0.0,439.0,730.0,1.068669197812137,High Quality,88.24833702882484,Liquidating Assets,28.132551951927297,,20.48312440202782,,26.91026114651347,,32.144934169439935,,22.96698996520703,,31.744452601738082,,31.88798361621814,,22.740337821451305,,29.23922207808318,,79.82761866451372,17.262797172842152,26.487862176977288,5.361537949843678,9.000199560965875,0.09402441636324695,1194.0,371.0,24.016666666666666,74.82371794871794,Avenue Supermarts Ltd,10.0,Consumer Discretionary,15033.0,0.0,806.0,13.0,,,,,Consumer Discretionary,0.3896408120770432,True,
1146,TVSMOTOR,2016-03,3.7707655796782986,7.198734288476752,23.58438702583837,28.144329896907216,,,8.336572094830936,0.59978009895547,0,13.028571428571428,,0,148.0,2.210843373493976,331.0,605.0,5.317746330315549,Moderate,9.0,,28.0,1091.0,936.0,-0.7508952449451183,Accrual Risk,40.415140415140414,Shareholder Returns,26.31887127852206,,14.192387704277065,,16.660142551691372,,43.02900681569186,,19.665122106676503,,25.266064731460137,,40.427786232989085,,19.13578981670916,,24.57309396155174,,67.19873428847674,23.58438702583837,28.144329896907216,3.7707655796782986,7.198734288476752,0.59978009895547,331.0,148.0,13.028571428571428,,TVS Motor Company Ltd,,Consumer Discretionary,11377.0,28.0,429.0,9.0,,,,,Consumer Discretionary,0.8445283018867924,True,
159,BAJAJHLDNG,2013-03,550.7418397626113,95.54896142433235,17.941034316094733,3.112614789753504,5.522446220965326,-2.4098314312118214,17.22505800464037,0.0,0,,Debt Free,0,-9577.0,0.03127610208816705,104.0,369.0,109.49554896142433,Capital Intensive,167.0,931.981981981982,15.0,0.0,473.0,0.34018820955345913,Accrual Risk,32.298136645962735,Reinvestor,55.00574158769729,,31.612293448969165,,14.937545587928923,,26.318822706492305,,19.297559063731295,,13.992331678744474,,25.799750331593962,,18.96864732798973,,13.81670668377948,,66.96213568916454,17.941034316094733,3.112614789753504,550.7418397626113,95.54896142433235,0.0,104.0,-9577.0,,931.981981981982,Bajaj Holdings & Investment Ltd,10.0,Financials,337.0,15.0,1856.0,167.0,,,,,Financials,,False,
554,ICICIBANK,2024-03,28.888011233982798,62.41380175029464,17.99027109750765,5.2203495054405735,4.350587230638684,0.8697622748018894,1.9492289334082888,6.445624336310825,0,1.3009461331381824,,1,823845.0,0.06747535915921023,12547.0,144737.0,90.7350986734873,Capital Intensive,63.0,364.617793594306,16.0,1651008.0,157284.0,3.8724380449452576,High Quality,12.602450783447166,Mixed,21.39660074377121,,17.25086850260209,,12.41864172369489,,31.28635844345755,,51.94877118224903,,14.714696775470282,,32.63524026321307,,55.18455739153598,,13.995881918674137,,66.39067727129911,17.99027109750765,5.2203495054405735,28.888011233982798,62.41380175029464,6.445624336310825,12547.0,823845.0,1.3009461331381824,364.617793594306,ICICI Bank Ltd,2.0,Financials,159516.0,16.0,46081.0,63.0,1319221.86,25.76,6.2,3.43,Financials,6.526373206276982,True,0.9510909711578005
284,CANBK,2024-03,13.935160470145405,41.753906568101414,16.716051794688113,3.15654898752525,4.350587230638684,-1.1940382431134342,1.0033107103630055,14.867419925542423,0,1.6106611743349857,,0,970573.0,0.0719985042520674,13296.0,1750.0,1.583438141857961,Asset Light,17.0,101.57993384785006,19.0,1369780.0,15046.0,4.069631350415008,High Quality,28.81289819269276,Reinvestor,16.302939300232524,,18.17561078322378,,10.817178802179583,,73.3401622666352,,85.7752850068174,,19.14374492187123,,61.980590063874175,,53.4206382524911,,5.449589185476622,,65.7270482663651,16.716051794688113,3.15654898752525,13.935160470145405,41.753906568101414,14.867419925542423,13296.0,970573.0,1.6106611743349857,101.57993384785006,Canara Bank,2.0,Financials,110519.0,19.0,15401.0,17.0,496415.88,36.74,12.61,3.81,Financials,15.850052527737208,True,2.6783994097851984
